Game Title,January,February,March,April,May,June,July,August,September,October,November,December
007: Agent Under Fire,109987,,,,,,,,,,,
60 Parsecs!,,,,,,,,,31960,,,15473
60 Seconds!,17611,6505,32289,6138,9110,,,18245,,,,
7 Billion Humans,,,,,,,,5487,,,,
7 Days to Die,3765,4777,1889,8754,7885,3807,3218,6816,2131,1860,8877,25079
8 Ball Pool,27782,,,,,,,,,,,
"999: 9 Hours, 9 Persons, 9 Doors",,,7155,,,12747,,,,,,
A Bastard's Tale,,,,15108,,,,,,,,
A Gummy's Life,,,,,,,,,,26462,,
A Hat in Time,18435,,6146,,4990,173228,3719,,8015,5746,,3146
A Story About My Uncle,,,,,,100835,,,,,,
A Way Out,,,233484,32309,14425,8362,3673,2703,,,10853,4677
Abandon Ship,,11183,,,,,,,,,,
Absinth,,,,,,,,,,,22110,
Absolver,,,,,,,1004,,1561,,,
Act It Out XL! A Game of Charades,,,25561,,,,,,,,,
Agar.io,225,,,,,,,,,,,
Age of Barbarian,,,,9604,,,,,,,,
Age of Empires II,13527,9239,8032,37601,9564,6934,45645,18771,7258,11353,13929,7013
Age of Empires: Definitive Edition,,6410,,,,,,,,,,
Aggelos,,,,,,10340,,,,,,
Aggressors: Ancient Rome,,,,,,,,21006,14662,,,
Agony,,,,,47635,23159,,,,,,
Aion,626,,,,,,,,583,754,426,409
Akane,,,,,,,,,,,27103,
Alan Wake,,,,,,,,,,2855,,
Albion Online,,792,4108,554,2193,1808,3815,927,,624,492,
Alien: Isolation,888,2903,5940,7125,3572,912,8447,3381,3827,4410,3098,1649
Alundra,,,,,,,,,,5010,,
Always On,10866,4820,6109,8658,14751,11700,17043,57919,51368,27321,21755,22611
Amberskull,,,,24179,,,,,,,,
American Truck Simulator,3173,1835,11323,3906,10871,9674,1948,8570,,3328,6660,10176
Amnesia: The Dark Descent,,4446,,,7129,,,,,17191,6598,21101
Amy,,,,,,95760,,,,,,
Ancestors Legacy,,,,,6840,,,,,,,
Angels of Death,,,,,6334,,,,,,,
Angvik,,,,,,,,,,3249,,
Animal Crossing: New Leaf,,,,,,,,,10024,,,
Animal Jam,,,,,,,,,,,,48987
Animal Super Squad,,,,,15828,,,,,,,
Animaniacs,,,,,,95557,,,,,,
Animorphs: Shattered Reality,108111,,,,,,,,,,,
APB Reloaded,,,,,1683,640,799,389,,,,
Apparition,,,,,,,,,,,,8645
Arabian Nights,118705,,,,,,,,,,,
ArcheAge,842,,,2318,1390,,2015,,,,,
Ardy Lightfoot,,,,,,96239,,,,,,
Arena of Valor,5371,7453,8080,7290,15070,5475,7130,34469,6161,7552,4820,5381
ArenaM,,,,,,,,,,,,37788
ARK,15455,13463,12996,18682,9528,28635,40648,27787,19749,6581,44680,45885
Arma 3,8544,15494,16395,13202,11085,10585,8796,24231,13829,14350,11358,14034
ArmA II: Operation Arrowhead,,,,,,,,6904,,,,
Armed With Wings: Rearmed,93510,,,,,,,,,,,
Armello,8801,,,,,,,,,,,
Art,,,,,,,,,14821,25259,25896,29628
Artifact,,,,,,,,,2489,,67321,64803
Ascendant One,,,,,,,,,,10301,,
Ashen,,,,,,,,,,,,41773
Ashes of Creation,,,,,,,,,,,,30250
ASMR,,,,,,,,,14889,12744,9677,9206
Assassin's Creed IV: Black Flag,,1495,,,,,,,,,,
Assassin's Creed Odyssey,,,,,,,,,10159,105475,15965,7617
Assassin's Creed Origins,9910,3121,5965,1035,2774,2450,2943,2179,2482,1147,,
Astérix & Obélix XXL 2: Mission: Las Vegum,,,,,,,,,,,,32012
Astroneer,19321,22482,2713,,,9258,28867,,2760,12197,9332,
Atelier Lydie & Suelle: The Alchemists and the Mysterious Paintings,,,,,,,6787,,,,,
Athena,103022,,,,,,,,,,,
Atlas,,,,,,,,,,,,318887
ATOM RPG: Post-apocalyptic indie game,,,,,,,,,,,,23325
Attack on Titan 2,,,30384,35514,,,,,,,,
Axiom Verge,,,3673,,,137666,,,,,,
Azur Lane,,,,2797,,,,1427,1812,647,4159,7950
Bacon Man: An Adventure,,,,,,,15140,,,,,
Bad North,,,,,,,,,,,10454,
Baldi's Basics in Education and Learning,,,,,13608,38533,,,,,,
Bangai-O!,,,,,,72359,,,,,,
Banjo-Kazooie,,1115,986,3825,1117,,,1146,,,1376,4326
Banjo-Tooie,,,,,,104527,,,,,578,2984
Barbie and the Magic of Pegasus,,39443,38284,40036,33769,34856,28163,,23132,,18507,
Barbie Horse Adventures: Riding Camp,,39190,,,,,,,,24258,,
BATMAN - The Telltale Series,,,,20677,,,,,,,,
Batman Returns,,,,,,122241,,,,,,
Batman: Arkham Asylum,125021,,,,,,,13854,,,,
Batman: Arkham Knight,,,,,1712,,,,,,,
Batman: The Enemy Within - The Telltale Series,,,,26352,,,,,,,,
Battalion 1944,72120,40291,,,,,,,,,,
Battle Brothers,,,,,,,,,,,1000,17619
BattleBlock Theater,82839,,,,,,,,,,,
Battlefield 1,6187,4426,5413,1852,234047,30358,10583,2886,3175,3368,2669,5798
Battlefield 3,,,,,1458,,,,,,,
Battlefield 4,5117,3648,51956,2250,2148,40895,1276,3990,,777,658,1904
Battlefield V,,,,,,92955,277175,22041,99443,,89149,41386
Battlefield: Bad Company 2,,,,,,31304,,,,,,
Battlerite,29792,5795,28200,6970,7275,5507,3319,29179,11867,2757,7438,6207
Battlerite Royale,,,,,,,,,40300,35439,17948,39304
BattleTech,,,16589,26795,13265,1172,,7110,,,,11452
Battletoads,148658,,3627,1338,,,,,,,,
Bayonetta,,1214,2491,,,,,,,,,
Bayonetta 2,,6439,,,,,,,,,,
BBO2 Online,,1877,,,,,,,,,,
Beat Saber,,,,,36416,12947,10577,12770,9798,4920,5660,7492
Beauty & Body Art,,,,,,,,,52853,5400,2040,12046
Beholder,,,,7740,,,,,,,,
Beholder 2,,,,,,,,,,,,14168
Below,,,,,,,,,,,,25756
Ben and Ed,26816,10883,,,,,,,,,,
Ben and Ed: Blood Party,,9452,30452,,17756,,,,,,,
Bendy and the Ink Machine,,,,,,,,,,,3029,
Besiege,8617,,,,,,,,,,,
Bethesda @ QuakeCon,,,,,,,,100781,,,,
Bethesda at E3,,,,,,388286,,,,,,
Beware,,,,,,29324,,,,,,
Beyond: Two Souls,,,4646,5103,1935,3165,3276,,,,,
Bigfoot,,29820,,,,,,20508,,,,
Bio Inc. Redemption,,,31723,,,,,,,,,
Bio Miracle Bokutte Upa,,,,,,93161,,,,,,
Bionic Commando,,,,,,96423,,,,,,
Bionic Commando Rearmed 2,,,,,,122282,,,,,,
BioShock,,3680,,,2024,,25273,5663,,3217,3856,6265
BioShock Infinite,,3351,1811,,3165,,15637,,,,,1976
Black Desert Mobile,,,,,,,,,1429,3553,,
Black Desert Online,16542,7391,12125,10939,9941,10815,7169,14794,5964,14491,12596,19518
Black Mesa,,,,6316,,,,,,,,
Black Squad,33613,402,1481,1570,15718,8046,3111,796,858,560,397,496
Black Survival,1148,1285,1367,823,365,707,,,390,,377,463
Blackjack,,4397,,,,,,,48575,,,
Blackwake,,,11580,,,,,,,,,
Blade and Soul,10878,4232,5499,2753,4712,8785,5651,5309,7573,2621,3390,990
Blaster Master Zero,119044,,,,,,,,,,,
BlazBlue Cross Tag Battle,,,,,9948,14751,4424,38149,7176,5050,5526,
BlazBlue: Central Fiction,11490,,,,,,,,,,,
Bless Online,,,,523,203056,9552,549,,,,,
Blizzard,,,,,,,,37956,,,,
Blood Bowl 2,3029,620,3054,591,899,751,591,3451,,995,659,716
Blood II: The Chosen,107359,,,,,,,,,,,
Bloodborne,215882,6070,14171,9012,7025,12483,21951,15424,4193,9414,3471,19988
Bloodborne: The Old Hunters,5092,,,,,6332,,13551,,,,
Bloodstained: Curse of the Moon,,,,,8228,10362,,,,,,
Bloons TD 5,,,,,,14922,16575,9920,,,,
Bloons TD 6,,,,,,,14203,9117,,,,
Board Game Classics,,8295,,,,,,,,,,
Board Games,16095,3991,7880,4151,9142,3550,3195,5668,2897,7700,6853,20436
Board Games Live,5925,3352,6313,5019,4346,6414,5936,,,6602,4340,42029
BombTag,,,40643,29957,,,,,,40081,,
Bonk's Revenge,,,,,,114452,,,,,,
Book of Demons,,,,,,,,,,,,39327
Borderlands,,1313,,,1738,,,3416,,,929,5725
Borderlands 2,4916,10006,4765,11484,10069,3923,3681,3785,11802,1734,1698,22096
Borderlands: The Pre-Sequel!,1779,,,1525,1650,105766,,,1147,,,
Bouncing Duck Simulator,,32725,,,,,,,,,,
Bound,,,,,,95041,,,,,,
Boundless,,,,,,,,,4592,,,
Boxing,,,,,,,,45814,,,,
Boxing Fight,,,,,,,,1097362,,,,
Brawl Stars,,,,,,,,,,,1721,8314
Brawlhalla,637,8167,24819,24777,7460,21132,13864,9100,5488,39215,29332,1267
Breath of Fire,,,,,14312,,,,,,,
Breathedge,,,,,,,,,23727,10801,,
Bridge Constructor Portal,30617,,,,,,,,,,,
Broforce,,,,,,,,12962,,,,
Bullet Girls Phantasia,,,,,,,,12263,,,,
Bully: Scholarship Edition,,9647,11596,,,,23781,,,,,20653
Burnout Paradise,99995,,38279,,16545,,,,,,,
Bus Simulator 18,,,,,,37341,25390,,,,,
Business Tour,9969,7775,8662,4156,9177,,15234,9300,,,20759,3621
Call of Cthulhu - The Video Game,,,,,,,,,,64344,27086,3350
Call of Cthulhu: Dark Corners of the Earth,,,,6496,,,,3717,,,,
Call of Duty: Black Ops,,,,,,,,,3769,,,4089
Call of Duty: Black Ops 4,,,,,374348,,,168872,586545,449597,179723,207622
Call of Duty: Black Ops II,,2446,1368,2110,2197,994,1169,821,23562,648,,
Call of Duty: Black Ops III,5721,5134,3175,5419,3049,3772,10350,8978,22838,7933,437,1281
Call of Duty: Ghosts,,,,,,,,10154,24695,,,
Call of Duty: Modern Warfare 3,,,,,,2742,,,,,,
Call of Duty: Modern Warfare Remastered,,,22059,,1792,,,,,,,
Call of Duty: WWII,65238,41348,39134,85806,55715,71491,45209,148960,6687,2897,638,
Candleman,,33383,,,,,,,,,,
Capcom Beat 'Em Up Bundle,,,,,,,,,8060,,9585,
Captain Toad: Treasure Tracker,,,,,,,4656,,,,,
CardLife,,,,,,,,,,23117,,
Cards Against Humanity,22786,,,,,,,,,,,
CASE 2: Animatronics Survival,,,,,,,,13365,,,,
Casino,,,,,,,,,43806,111963,77569,95879
Casino!,,,,,,,,,,1063,1204,
Casino_old,19307,15758,23349,24497,28447,25343,29507,56607,51882,,,
Castlevania,,,,,,135069,,,,,,
Castlevania: Bloodlines,,,,,,140359,,,,,,
Castlevania: Circle of the Moon,,,,,,128956,,,,,,
Castlevania: Harmony of Dissonance,121383,,,,,,,,,,,
Castlevania: Portrait of Ruin,,,,,5160,,,,,,,
Castlevania: Symphony of the Night,127334,,,,,,,,,3854,,
Cat Quest,95703,,,,,,,,,,,
Catechumen,7016,,,,,,,,,,,
Catherine,,,,,,105840,,,,,,
Cave Story,,,,7404,,,,,,,,
Celeste,22158,30194,6524,10599,12506,125995,16584,2845,3180,6384,7172,8275
Changed,,,,,,,,5334,,,,
Chaos;Child,,,,,,6934,,,,,,
Chasm,,,,,,,,4397,,,,
Chess,41482,21551,15126,28156,8146,6379,11882,8693,10855,12905,135778,39880
Chip 'N Dale: Rescue Rangers,104579,,,,,,,,,,,
Chivalry: Medieval Warfare,,,31821,,,,,,,,,
Chroma Squad,,,10644,,,,,,,,,
Chrono Cross,,2292,,,,,,,,,,
Chrono Trigger,,1407,1686,3330,19665,,,2388,3528,,3648,
Chuchel,,,37133,,,,,,,,,
Circle Empires,,,,,,,,,,,7964,
Citadel: Forged with Fire,,,,,,,,24689,,,,
Cities: Skylines,9407,4363,3904,6712,10835,6832,2683,7830,5358,8937,2802,24305
City of Brass,,,,,40613,,,,,,,
Clash of Clans,,412,378,573,,1180,1691,2281,408,584,655,1083
Clash Royale,19143,16123,19491,13900,16595,15148,41444,55232,12780,8010,6816,6823
Clatter,,,,,,,,,,,,21639
Clicker Heroes II,,,,,,,25441,,,,,
Closed Nightmare,,,,,,,23582,5658,,,,
Cloudbuilt,95281,,,,,,,,,,,
Clue,,,,,26233,,,,,,,
Clue/Cluedo The Classic Mystery Game,,,,,,6822,,,,,,
Clustertruck,,,,,,,17016,,,,,
Colina: Legacy,,,,,,,,,21946,,,
Color-Changing: Tingle's Balloon Trip of Love,,5307,,,,,,,,,,
Command & Conquer: Red Alert 3,,,,,,,,,,,3359,
Company of Heroes 2,942,2368,5719,7336,1716,5033,1138,1875,,868,1025,7590
Conan Exiles,1072,2026,,2560,89655,8175,37506,21186,15098,2490,2151,3779
Contagion,,,,,,,,,,,15863,
Contra: Shattered Soldier,,,,,,115005,,,,,,
Contractors,,,,,,,,,,,,30874
Conventions & Seminars,,,,,8350,,15756,,,,,
Cookie Run: OvenBreak,,,,10126,12119,,,,7555,,,
Cooking Simulator,,,,,,,,,,,29268,
Cool Spot,,,,,,91759,,,,,,
Corruption,,,11331,,,,,,,,,
Counter-Strike Online,,,,,,,,7268,6213,,,
Counter-Strike: Global Offensive,1298358,360635,490657,321506,242438,262105,237413,187317,827050,221263,308216,273822
Crash Bandicoot: N. Sane Trilogy,154636,,11554,,,119032,22175,5713,6641,1982,3038,5311
Creative,28774,24266,21502,24550,20131,15642,23175,25717,55284,,,
Creative Destruction,,,,,,,,4638,,40147,46298,78972
CrossCode,6342,,,,,,,,23714,16151,3062,
Crossing Souls,,10722,,,,,,,,,,
Crossout,,517,414,641,4201,,1500,2729,,647,1725,
Crucible Falls: Together Forever,,,,41132,,,,,,,,
Crunchyroll Anime Awards,,36412,,,,,,,,,,
Crusader Kings II,2014,4265,,2598,8759,,,3089,,,3684,
Crying is not Enough,,,,,,16925,27091,,,,,
Crypto,766,807,,,411,875,985,1536,632,5132,1286,1165
Cube Escape: Paradox,,,,,,,,,29101,7458,,
Cuisine Royale,,,,,,58647,33642,,,,,
Cult,,,,6215,,,,,,,,
Cultist Simulator,,,,,,4834,,,,,,
Cuphead,8138,9416,2398,4527,1133,179901,13372,6708,6857,3913,4732,11557
Cursed Castilla (Maldita Castilla EX),,,,13561,,,,,,,,
Curve Fever 3,25899,,,,,,,,,,,
Cyberpunk 2077,,,,,,,,453069,,,,
Cypher,,12415,,5505,,,,,8566,6973,,
Daemonical,,,,,,,,21196,,,,
Danganronpa 2: Goodbye Despair,6084,3869,5697,,,,,,,,,
Danganronpa V3: Killing Harmony,,872,,,,,3124,,,,6034,7649
Danganronpa: Trigger Happy Havoc,7759,496,,,,,4054,,1065,,,
Dark and Light,,,,,,,,,,7117,,
Dark Souls,9787,6518,10404,10653,103455,54056,26068,7542,14869,12864,11747,39643
Dark Souls II,1080,2490,3321,3458,2700,23315,24394,,,,,4207
Dark Souls II: Scholar of the First Sin,4911,6068,9090,5552,9335,17352,3238,5152,3067,3021,2488,4748
Dark Souls III,202405,16511,15677,12238,18369,12258,17686,10996,9922,81245,16759,35766
Darkest Dungeon,7932,9459,4097,14051,15151,34401,26247,21226,15932,15146,18878,17611
Darksiders,,,6574,,,,21798,,,,3314,
Darksiders II,,,5908,,,,,,,,2436,
Darksiders III,,,,,,,,,,,77310,19743
Darkwood,4721,2394,,,,,,,,14126,,
Darwin Project,39601,54819,200629,55617,133712,2075,6627,9737,,2279,1454,3704
Darwin's Test,,,,,,,,,,,,24992
Dauntless,3331,718,1031,3338,40962,10156,4934,19635,305,2708,433,1183
DayZ,36056,3336,35848,13014,79522,46198,20344,7303,5178,21671,34062,58655
DCS World,,3578,,,,1367,,,,1484,,
Dead by Daylight,41918,26853,16458,45790,34931,50339,57513,146848,59528,79461,49502,46689
Dead Cells,5699,2910,28722,25941,7880,4800,8588,42483,18814,6019,6109,12493
Dead Frontier 2,,,,,,,,,22169,,,
Dead In Vinland,,,,25499,,,,,,,,
Dead Rising 4,,,802,,,,,,,,,
Dead Space,,1547,17624,4419,3248,,6061,,5559,7628,,20112
Dead Space 2,,,4831,,2267,,,,,2292,,
Dead Space 3,,,,,18923,,,,,3025,,
DeadCore,,,,,,90367,,,,,,
Deadly Towers,103326,,,,,,,,,,,
Deadpool,,,,,8915,,,,,,,
Death Coming,,,14880,,,,,,,,,
Deathgarden,,,,,56052,46007,,25484,,,,
Death's Gambit,,,,,,,,36456,,,,
Deceit,24255,17826,10705,16819,8190,17241,41320,8847,20522,5410,25113,19731
Deep Rock Galactic,,10149,50328,4856,10638,,,,,,,
Deep Sky Derelicts,,,,,,,,,,13062,,
Defiance 2050,,,,,,,25178,,,,,
Deiland,,,,,,,,22654,,,,
Deliver Us The Moon,,,,,,,,,,23636,,
Deltarune,,,,,,,,,,,22805,4008
Delver,,37813,,,,,,,,,,
Demon's Souls,5784,11655,9087,2574,6587,,3366,2901,2077,,3504,1939
Depth,,,,,,,,,,,21167,42224
Descenders,,43300,,,,,,,,,,
Desert Bus,8491,,,,,,,,,7479,,
Desolate,,37986,,,,,,,,,,
Destiny,2754,3374,2441,662,1522,931,17868,960,,,6017,
Destiny 2,15396,7006,17524,108393,67071,177513,42725,91330,181929,46321,26938,109447
Detective Pikachu,,,2262,,,,,,,,,
Detroit: Become Human,,,,32026,236767,31786,20105,7696,4748,3232,13293,4541
Deus Ex,,,,,,111969,,,,,,
Devil May Cry 3: Dante's Awakening,,,,,,,15873,,,,,
Devil May Cry 4: Special Edition,,,3947,,,14714,,,,,,
Devil May Cry HD Collection,,,16176,,,2443,,,,,,
Diablo,163460,,,,,,,,,,,
Diablo II: Lord of Destruction,2927,13933,3166,2689,15471,3080,21245,4098,6127,72041,5193,3251
Diablo III: Reaper of Souls,21395,17928,5103,2940,6138,20620,14423,7816,21052,4836,19048,6040
Dig Or Die,,,,,,,29169,,8173,,,
Digimon Story: Cyber Sleuth Hacker's Memory,7036,,,,,,,,,,,
DiRT Rally,,,,,,,,,,5025,,
Disgaea 5: Alliance of Vengeance,,,,,,112255,,,,,,
Dishonored,148979,,,,,,,,,,,5407
Disney's Aladdin,109214,,,,,,,,,,,
Disney's Toy Story,101033,,,,,,,,,,,
Dissidia Final Fantasy NT,,8379,,,,,,,,,,
Dissidia: Final Fantasy,9490,,,,,,,,,,,
Dissidia: Final Fantasy Opera Omnia,,759,1312,,,,,,,,,
DISTRAINT,,12385,,,,,,,,,,
Divinity: Original Sin II,4751,3360,2755,16627,16363,2081,4872,9735,12491,9946,8008,3460
Do Not Feed the Monkeys,,,,,,,,,,,6911,
Doctor Who,,,,,15497,22462,14685,,,,,
Dofus,754,1305,3157,9876,5907,2787,2429,4605,5356,7193,4798,4013
Dog's Life,114256,,,,,,,,,,,
Doki Doki Literature Club,28595,6580,5822,7665,5535,,16830,3225,11320,1463,15777,
Domina,11836,13612,21706,,,13056,7223,2615,,,,
Donkey Kong 64,,,3323,1089,23427,,,,,,,
Donkey Kong Country,150151,881,,,,,,,,,,
Donkey Kong Country 2: Diddy's Kong Quest,137177,,,,,,,,,,,
Donkey Kong Country: Tropical Freeze,,,,,35683,11487,,,,68273,,
Don't Starve,,,,1749,,,,,,3240,7199,5177
Don't Starve Together,21872,3564,3007,4262,5045,3801,13558,18449,1676,5104,13778,8270
Donut County,,,,,,,,23705,23555,,,
Doom,,13320,6729,4308,4662,146417,4266,4106,3547,4749,8868,4737
Doom II: Hell on Earth,,,,,,,,,,,,8373
Doorways: The Underworld,,,,,,,,,,,,26387
Dota 2,182289,285802,397940,310168,363879,341454,150725,749471,161988,211365,353055,255770
Dragalia Lost,,,,,,,,,,6702,5275,
Dragon Age: Origins,3308,,,,,,,,,,4193,
Dragon Ball FighterZ,50130,45122,53093,40909,56869,34244,51763,241067,25692,30606,21522,13144
Dragon Quest Builders 2,,,,,,,,,,,,5252
Dragon Quest VIII: Journey of the Cursed King,,,,,15864,,,891,,,,
Dragon Quest XI,,,,,,,,,23595,10762,12859,7290
Dragon Warrior,139493,,,,,,,,,,,
Dragon Warrior III,,,,,10597,128901,,,,,,
DragonBall Z: Dokkan Battle,,933,,,,,4427,4377,,10834,7484,5774
Dragon's Dogma: Dark Arisen,,,,,,,,1777,,,,
Dreadnought,,,7014,,,,,,,5594,,
Duck Game,,37402,26493,,,,25589,,,,,
"Dude, Stop",,,,,,16046,,,,,,
Duelyst,,,729,281,221,,,,,,,
Duke Nukem 3D,138284,,,,,,,,,,,
Dungeon Fighter Online,,10948,,3684,6786,4233,20714,7975,2066,3488,1197,
Dungeon Hunter Champions,,,,,21603,10858,,,12555,11243,10875,4717
Dungeon Maker,,,,,,7666,,,,,,
Dungeons & Dragons,96446,56456,47909,45265,45977,42492,43534,40680,38597,37438,40213,37470
Dungreed,,32732,34086,4042,,,,,,,8057,9358
Durango: Wild Lands,5650,1410,,,,,,,,,,
Dusk,,,,,,,,,,,,26539
DYE,96769,,,,,,,,,,,
Dying Light,134887,9208,8814,6227,21343,2299,21906,4563,3620,5354,7032,5362
Dying Light: Bad Blood,,,,,,,,,41658,,,
Dying Reborn,9524,,,,,,,,,,,
Dynamite Headdy,102086,,,,,,,,,,,
Dynasty Warriors 9,,7026,,,,,,,,,,
E3,,,,,,566191,,,,,,
E3 2018,,,,,,1817345,,,,,,
EA Sports UFC 2,30543,,,,,,,,,,,
EA Sports UFC 3,12068,44939,6280,,8260,,26059,145154,,95265,13438,3222
Earnest Evans,94096,,,,,,,,,,,
Earth Defense Forces 5,,3442,,6532,,,,,,,,15099
EarthBound,,,,,,,,,,60553,3116,
Earthfall,,,,,,,34510,,,,,
Earthworm Jim,,,8638,,,,,,,,,
Eco,,28790,5307,2770,,,,,,,,5423
El Matador,99238,,,,,,,,,,,
ELEX,,,4156,,,,,,,9611,,
Elite: Dangerous,1321,5217,1994,4141,1021,1259,841,971,2623,1080,1998,11021
Emily Wants to Play Too,6669,,,,,,,,,,,
Empyrion: Galactic Survival,,,,,,,3706,,,,,6689
Enlisted,,,,36629,,,,,,,,
Enter the Gungeon,2952,1755,2314,7785,4266,139787,33515,22871,15186,14823,5569,8621
Environmental Station Alpha,82064,,,,,,,,,42830,,
Epic 7,,,,,,,,,,1997,,
Epic Seven,,,,,,,,,,,1485,2341
Errant: Hunter's Soul,,,,,,,,7223,,,,
Escape First,,,,,8172,,,,,,14480,
Escape From Tarkov,58348,20635,15960,27962,23997,17625,53701,51782,45218,31937,26739,51087
Eternal,12567,3529,3672,1743,2631,2478,1906,4500,3457,5579,2916,4239
Euro Truck Simulator 2,8591,11755,6222,8183,12823,5949,33179,28870,29323,27282,28529,39012
Europa Universalis IV,3923,4770,5681,3176,5910,2667,2734,6146,9920,3583,6388,2858
EVE Online,19345,3100,2002,10525,5701,4436,7540,10394,1361,5812,2992,3777
EverQuest,,341,474,292,381,,467,319,,,439,1306
Everybody's Golf,,6674,,,,14247,,,,,,
Exanima,,,,,,,29705,,,4876,,
Extinction,,,,18281,,,,,,,,
Extra Life,,,,,,,,,,,18933,3147
F1 2017,,,,16199,11140,5749,10789,,,,,
F1 2018,,,,,,,,6979,6359,4516,3812,1556
Fable,8626,,,,,,,,,,,
Fable Anniversary,11960,11982,,,,,,,,,,
Factorio,3741,4372,4808,1957,4179,1847,7629,2415,6683,4179,6709,3183
Fallen Bird,,,,,,,15274,,,,,
Fallout,,,,,10017,,,,,,,
Fallout 2,,,,,9480,8742,,,,,,
Fallout 3,7055,4272,,,,11158,16687,4122,2626,4630,,
Fallout 4,3275,1982,1283,9570,10217,5939,20372,8142,5828,15830,10043,6691
Fallout 76,,,,,,,,,,138444,209140,16008
Fallout: New Vegas,1356,973,6616,20236,18401,4248,12744,8794,,7818,11781,7163
Far Cry 3,,6120,4666,,,,,,,,,
Far Cry 4,,,3670,,,,,,,,,
Far Cry 5,,,258270,56296,6906,5385,24707,4592,,922,,858
FAR: Lone Sails,,,,,33860,,,,,,,
Farm Manager 2018,,,,29382,,,,,,,,
Farm Together,,37932,29903,4059,,,,,,6028,,
Farmer's Dynasty,24478,,,,,,,,,,,
Farming Simulator 17,1616,1120,2328,4283,2069,1999,3364,140946,3487,1580,6120,
Farming Simulator 19,,,,,,,,,,,42848,44919
Fate Seeker,,,,,,,,10937,,,7679,
Fate/Grand Order,4772,2304,2009,2960,3093,2935,5907,19501,7352,6249,14791,10982
Fe,,5279,,,,,,,,,,
Fear the Night,,,,,,,,,,,,4346
Fear the Wolves,,,,,,,50132,11076,,,,
FIFA 17,,3097,4595,2305,360,1506,4951,7186,4027,3096,5788,1064
FIFA 18,143683,40252,37994,88554,87840,66256,18605,76550,13869,6165,13051,
FIFA 19,,,,,,,,28367,108755,127184,160659,167405
FIFA Online 3,,,4727,,,,,,,,,
FIFA Online 4,,,,,29315,16237,9224,6411,7535,8559,28239,15529
Fighting EX Layer,,,,,,8909,8416,,,,,
Final Fantasy,,7506,,,,,,,,,,1430
Final Fantasy IV,178777,,,,9512,1088,1602,984,,5619,9703,4841
Final Fantasy IX,1232,621,592,631,1315,,20547,4914,1079,,1641,1130
Final Fantasy Tactics,,3789,3525,,,,,,,,2435,
Final Fantasy V,,,,,,2141,1407,,,,,
Final Fantasy VI,,1035,,,10489,,151839,,,3696,2506,4199
Final Fantasy VII,5867,10178,6477,11176,3835,4535,3039,5422,4958,6808,7556,3100
Final Fantasy VIII,,674,383,1572,14225,1540,,2445,485,,,3747
Final Fantasy X,4604,,1385,,,,7904,,5259,1616,2053,2378
Final Fantasy X/X-2 HD Remaster,1353,955,801,1457,701,,5278,3640,1811,1573,1712,650
Final Fantasy XI Online,,,,5491,572,741,736,733,,,49977,84113
Final Fantasy XII: The Zodiac Age,,4999,602,,,,,,,,,
FINAL FANTASY XIV Online,19638,13500,6121,16064,16882,21284,13824,7477,18785,5176,88767,18836
Final Fantasy XV,1674,11473,16369,7469,11021,783,2016,3028,,1074,1211,1451
Final Fantasy: Brave Exvius,819,,698,673,1048,,1095,859,,1328,881,3642
Finding Bigfoot,,,,,,,,,,,,30898
Finding Paradise,4578,2289,,3780,,,,,,,,
Fire Emblem Fates,,,,,,,3959,,,,,
Fire Emblem Mobile,2173,2605,2016,2131,2275,1608,2854,2383,,923,1625,1808
Fire Emblem: Path of Radiance,,,,,14214,,,,,,,
Fire Emblem: The Sacred Stones,132578,,,,,,,,,,,
Fishing: Barents Sea,,35273,,,,,,,,,14821,
Fist of the North Star,,,,,,,,,18459,6880,,
Food & Drink,,,,,,,,,11024,10049,24180,34063
Football,,,,,,,,,,,,31945
Football Manager 2018,7972,2835,2891,8368,4657,11720,4243,4271,9647,,,
Football Manager 2019,,,,,,,,,,15165,16189,18174
"Football, Tactics & Glory",,,,,,,12047,6348,,,,
For Honor,3628,27419,27538,36117,34118,23701,24977,25956,8028,39741,17789,11670
For the King,30372,,,2032,23487,,7892,,,,3791,2356
Forgotton Anne,,,,,29143,,,,,,,
Fortnite,196517,261996,862789,657462,576926,1460297,827125,687062,743971,591205,1077180,418403
Forts,,,37436,42108,,19478,,,,,26216,32252
Forza Horizon 3,4607,8469,7977,780,2208,29079,,,,,,
Forza Horizon 4,,,,,,,,,36376,20354,5835,3577
Forza Motorsport 7,,,3037,8525,15456,,,5472,,11898,,
Foxhole,,,,,,,,,4081,8271,,
FoxTail,,,,18062,,,,,,,,
Fractured Lands,,,,,,48650,38420,11957,,,,
Free Fire: Battlegrounds,,7483,8163,9391,,,,,2210,1446,,
FreezeME,,,,,,99295,,,,,,
Freshly-Picked: Tingle's Rosy Rupeeland,6606,,,,,,,,,,,
Friday the 13th: Killer Puzzle,,,,41537,,,,,,,,
Friday the 13th: The Game,15096,3073,11900,51236,7656,47974,46230,21010,17397,7136,13936,44705
Friends Marble,,25502,40295,8169,,,,,,,,
Frostpunk,,,,58338,40514,18296,5618,8668,10640,17492,8753,19204
FTL: Faster Than Light,2932,6031,7966,8179,2485,4908,8855,13792,9069,7556,10363,13240
Full Metal Furies,30033,,,,,,,,,,,
Furi,,3710,,,8993,,12369,,,,,
Fushigi no Dungeon: Furai no Shiren Gaiden: Jokenji Asuka Kenzan!,,,,,,,,,,,,7096
Fútbol,,,,,,,,,,,7451,
F-Zero GX,161002,,,,,,,,,42462,,
Gal*Gun 2,,,,,,5693,,,,,,
Game Dev Tycoon,,,,8429,4247,,,,,,,
Game Development,,,,,,,,24955,25493,,,
Gameblast18,,8348,,,,,,,,,,
Games + Demos,24231,25699,21161,83437,24684,25818,31173,27100,28655,39989,27682,37658
Gamescom 2017,,,,,,,,6857,,,,
Gang Beasts,36118,33006,28599,13570,30643,,34146,,,15104,25648,7939
Garden Paws,,,,,,,,,,,,29767
Garfield Lasagna World Tour,,,,,,,,270381,,,,
Gargoyles,104964,,,,,,,,,,,
Garry's Mod,24710,19065,13405,9147,6651,13450,40397,49905,37034,63539,93660,76913
Gartic,,,,9359,8903,15756,,,,,,
Gauntlet Legends,,,,,,81257,,,,,,
Gear.Club,,,,,,,,,,,23225,
Gears of War 4,23089,16579,6822,16680,12039,10716,47320,6421,19003,27898,10528,7169
Generation Zero,,,,,,,,,,20653,,
GeoGuessr,23114,9186,6555,9412,5932,5648,13411,7766,3400,,,26129
Geometry Dash,12828,3933,4263,2366,1450,8526,,3777,2752,,1982,1482
GetAmped,,8451,,,,10209,8350,,,6431,,
Getting Over It,46537,12513,19903,6839,13984,10079,16843,4055,,6470,10494,8367
Gex 3: Deep Cover Gecko,102945,,,,,,,,,,,
Ghost of a Tale,,,49826,4555,,,,,,,,
Ghosts 'N Goblins,,,,,,72041,,,,,,
Gintama: Project Last Game (working title),4800,,,,,,,,,,,
Girls Frontline,1794,1392,1123,1455,2448,1383,963,1752,969,2034,509,888
Girls und Panzer: Dream Tank Match,,8827,,,,,,,,,,
Go,,,,16721,,,12503,,,7879,11205,
God of War,,,4018,292083,31601,9939,18882,5248,6801,3018,4554,2252
God of War Collection,,,9432,5215,,,,,,,,
God of War II,,,,24521,,,,,,,,
God of War III,,,11889,35215,,,,,,,,
God of War: Ascension,,,,8386,,,,,,,,
God's Basement,,,,,,,,,,30643,12891,
Gold Rush: The Game,9905,,,,,,,,,,,
GoldenEye 007,,,,,,,,,,1133,,
Golf It!,36037,38700,32553,35886,28493,75831,39468,31530,25463,34048,27452,35751
Golf With Your Friends,46427,9313,8245,9244,17204,26786,8332,4042,3296,4050,10940,7893
Golfing Over It with Alva Majo,,,69792,43527,14943,,,,,,,
"Good Pizza, Great Pizza",,,,,,,,,,7306,,
Gothic 3,,,,,1822,,,,,,,
Gothic II: Night of the Raven,,,,1453,762,,,,,,,
Gran Turismo Sport,3615,,4964,7612,4758,6190,6336,8236,,6811,,
Granblue Fantasy,,,1921,540,633,,2102,415,,,,844
Grand Chase,,,,,,,,,,,,3582
Grand Theft Auto III,,4870,3710,4130,,,22895,,,,,
Grand Theft Auto IV,13597,,,,9871,,20455,5122,,,,
Grand Theft Auto V,59852,82575,50916,47687,76870,68403,67222,60680,56935,55457,64088,59845
Grand Theft Auto: Episodes from Liberty City,,7853,,,,,,,,,,
Grand Theft Auto: San Andreas,3376,4652,5952,4844,4575,3419,17582,11142,4108,3524,4707,1918
Grand Theft Auto: Vice City,4004,6278,6495,4461,3459,,11066,4363,5703,4297,1792,2457
Granny,,,,,,,,,,,38386,4369
Graveyard Keeper,,,,,28283,23712,,48576,22231,3518,2544,7123
Green Hell,,,,,,,,26290,32746,17933,,
Grim Dawn,,16975,,793,1982,,3482,1520,,,854,
Grim Fandango,,,,,,7205,,,,,,
Grip,,,,,,,,,,,28331,
GRIS,,,,,,,,,,,,37570
Guacamelee! 2,,,,,,,,13694,,,,
Guerrilla War,107786,,,,,,,,,,,
Guild Wars 2,1376,2879,1920,5747,3056,5057,2313,4249,6084,2092,4809,27208
Guilty Gear Xrd REV 2,33340,4415,8825,7897,10929,3264,2635,106301,15121,4808,3574,
Guitar Hero III: Legends of Rock,1329,1582,5902,6517,3638,5960,3330,3363,2542,2982,10947,2152
Gun Gladiators,,,14574,,,,,,,,,
"Guns, Gore and Cannoli 2",,,34946,,,,,,,,,
Guts and Glory,,39458,,,,,,,,,,
Gwent: The Witcher Card Game,33000,17244,46675,46158,34742,3139,40938,33225,44509,33260,13446,7863
HackyZack,88955,,,,,,,,,,,
Hades,,,,,,,,,,,,37737
Hagane: The Final Conflict,,,,,,89827,,,,,,
Half-Life,,11995,,5037,,125967,,,,,14348,
Half-Life 2,,9074,2608,4761,4026,6584,8176,3162,,,,3537
Half-Life: Opposing Force,140465,,,,,,,,,,,
Halo 2,,,,,,113571,,,,,,
Halo 5: Guardians,128338,19016,12696,56692,2129,1934,13919,2216,10126,2536,33163,460
Halo Online,,,,23035,,,,,,,,
Halo: The Master Chief Collection,,424,756,871,3191,1382,8558,2960,1264,1185,12426,8022
Hand of Fate 2,13810,,,,,,,,,,,
Hand Simulator,45734,40689,37806,,26880,10695,37848,16216,,21314,61470,36306
Harry Potter and the Philosopher's Stone,,,,,6189,,8761,,,,,
Harvester,,,,,,,,,,12498,,
Haunting Ground,,,,,,,,,,3990,,
Headliner,,,,,,,,,,,,11395
Healer's Quest,,,,8924,,,,,,,,
Hearthstone,286606,89010,149880,309090,95676,101753,115029,251577,80211,82400,96121,205322
Hearts of Iron IV,3566,15070,12633,6790,4729,3383,9625,10189,16884,3160,6633,24555
Heavy Rain,,4484,5683,5522,4491,2775,3900,4879,,,,19826
Hell Let Loose,,,,38383,,,,,,,,
Hellblade,2826,,,19358,,,4802,,1998,,,
Hello Neighbor,,,8160,,,,18897,,,,18404,
Hello Neighbor: Hide and Seek,,,,,,,,,,,,15096
HellSign,,,,,,,,,,,30005,
Heroes of Hammerwatch,,,6490,19016,,,,,,,,
Heroes of Might and Magic III: The Restoration of Erathia,,,,,,,8277,,,,,
Heroes of Might and Magic III: The Shadow of Death,4138,3539,4055,3528,5291,6345,2743,8158,14667,11784,12604,19206
Heroes of Might and Magic V,,,,,,5483,,,,,,
Heroes of Might and Magic V: Tribes of the East,,,,13510,4925,5713,,,,,,
Heroes of Newerth,2401,1182,2207,1867,837,1013,792,1294,4593,1236,1293,1446
Heroes of the Storm,33498,32456,48779,32153,27139,74026,40790,61037,32096,50214,64502,15716
HITMAN,,,,,3501,9767,14876,3671,,6477,4081,
Hitman 2,,,,,,26489,,,,,78744,22934
Hitman 2: Silent Assassin,,,,,,,,,,3333,,
Hitman: Blood Money,,,,,,,,4483,,,,
Hob,,,,,,107040,,,,,,
Hokuto ga Gotoku,,,50661,,,,,,,,,
Holdfast: Nations At War,9170,,,,6482,5553,13298,,,,,22411
Hollow Knight,177178,4430,819,10957,4342,7912,11241,4865,8237,10278,6140,7865
Home Alone 2: Lost in New York,102755,,,,,,,,,,,
Home Run Derby VR,,,,,,,120714,,,,,
Home Sweet Home,,11460,9155,,,,9042,,,,,
Honkai Impact,,,,25582,,,,,,,,
Horizon Zero Dawn,4651,4016,3559,1242,4658,2443,19249,4220,,1461,3592,1032
Hot Lava,,,,,,42570,31572,,,,,
Hotline Miami,,,,,,,,,,,,17946
House Flipper,,,,,33266,10183,7541,2702,5170,4610,3426,5413
Human: Fall Flat,61698,8092,17111,4536,6481,22265,13699,7051,7680,12463,5596,34677
Hungry Shark World,,,,,,,13725,,,,,
Hunt: Showdown,135761,77406,13092,3931,48180,20622,28719,28348,26042,14056,15863,19973
Hyper Light Drifter,103365,,,,,,,,,,,
Hyrule Warriors,,,,,2878,,,,,,4210,3670
I Am Bread,,,,,,105670,,,,,,
I Wanna Be The Boshy,156709,1131,,6727,3316,,39844,22046,11361,5560,4833,17473
I Wanna Be The Guy,10978,2695,683,3724,618,1946,1727,1682,5179,891,1252,1621
Iconoclasts,5539,,,,,114036,,,,,7728,
Icons: Combat Arena,,,,,,,25383,,,,,
Identity,,,,,,,,,,,,16014
Identity V,,,,,,,,11897,28513,25891,5021,661
Immortal Redneck,,,,3373,,,,,,,,
Immortal: Unchained,,,,,,,,,26724,,,
In Verbis Virtus,,,,,,,6169,,,,,
Independence Day,13093,12830,16628,,17139,,,,,,,
inFamous: First Light,140776,,,,,,,,,,,
Infernium,,,,31995,,,,,,,,
Infestation: The New Z,1372,702,1173,3185,3049,3014,7426,746,892,720,809,1490
Infliction,,,,,,,,,,29109,,
Injustice 2,11111,13691,4613,2495,11538,13592,22208,19344,,14843,12198,
Inked,,,,,20480,,,,,,,
Inside,,,,,,,14924,,,,,
INSOMNIA: The Ark,,,,,,,,,,13554,,
Insurgency: Sandstorm,,,,,,,,30135,29551,,,46465
Into the Breach,,39128,12904,9934,,,,,,,,
Ion Maiden,,,10657,,,,,,,,,
iRacing.com,1861,1104,1786,2717,2021,895,1827,3203,5398,2377,1925,6547
Iris.Fall,,,,,,,,,,,,32563
IRL,230845,96698,134195,147414,247304,165033,159265,264068,138512,,,
IRONSIGHT,,,2562,19847,33841,2170,1796,1953,,,,
Islands of Nyne: Battle Royale,,95640,,66625,,,98062,2777,,,48125,
It Lurks Below,,,,11713,,,,,,,,
Jak and Daxter: The Precursor Legacy,109561,,,,,,,,,,,
Jalopy,,,,15726,,,,,,,,
Jikkyou Powerful Pro Yakyuu 2018,,,,,7703,,,,,,,
JoJo's Bizarre Adventure,,,,,,,,6174,,,,
Juan v Juan,,,,,,,,25197,,,,
Judgement,,,,,,,,,,,,27266
Judgment: Apocalypse Survival Simulation,,,,,25847,,,,,,,
Jump Force,,,,,,,,,,8123,,
Jurassic World Evolution,,,,,,202465,6234,5490,7531,,6564,6678
Just Cause 4,,,,,,,,,,,57916,39081
Just Chatting,,,,,,,,,105145,156436,227149,223139
Just Dance 2017,,,,29170,,,,,,,,
Just Dance 2018,10072,8488,16320,10551,6076,16119,11231,9333,4557,8670,,12228
Just Dance 2019,,,,,,,,,,9606,13904,35704
Just Shapes & Beats,,,,,,26162,,,,,,
Kamiko,97186,,,,,,,,,,,
Kantai Collection,,6495,1423,,,,,3115,3544,863,,2401
Kartrider,3866,6806,6046,3041,4699,6848,3678,8136,,16182,11917,16998
Katamari Damacy,,,,,,,,,,,,25930
Keep Talking and Nobody Explodes,,25816,20274,,,,,,,,,17549
Kenshi,,,,,,,,2570,1765,,,19404
Kerbal Space Program,5257,10901,3805,5241,2972,11054,2864,6130,1942,4786,11100,5145
Kid Icarus,101107,,,,,,,,,,,
Kid Kool,,,,,,71589,,,,,,
Killer Instinct,,,,7802,,,,,,,,
Killing Floor 2,13321,8656,7917,19201,3482,2885,2972,,,5582,24378,3609
Kinect Disneyland Adventures,,,,,,,,,18810,,,
Kingdom Come: Deliverance,,211281,29622,3845,3808,2650,19574,2249,769,5721,2879,4779
Kingdom Hearts,,,,,,6922,,,,,,
Kingdom Hearts HD 1.5 + 2.5 Remix,,,,,,,4017,3418,,,,
Kingdom Hearts HD I.5 + II.5 Remix,3455,4490,12604,1448,17436,5687,4586,2953,8116,1238,2162,3267
Kingdom Hearts HD II.8: Final Chapter Prologue,,,,,,,,,,,2276,
Kingdom Hearts II,,1614,,,,,5489,,,2349,,
Kingdom Hearts: Birth by Sleep,130332,,,,,,,,,,,
Kingdom Rush Frontiers,,,,,,,,14260,,,,
Kingdom Two Crowns,,,,,,,,,,,,10774
Kingdom: New Lands,,7124,,,,,,,,,,
King's Raid,,274,,,,,,,,,,
Kirby Super Star,,,,,,,,,,46252,,
Kirby: Canvas Curse,113066,,,,,,,,,,,
Kirby: Star Allies,,,24135,4955,,,,,,,,
Kirby: Super Star Ultra,,,,,,121714,,,,,,
Kirby's Adventure,,,,,,117870,,,,,,
Knight Online,3309,2386,3024,2414,1687,1685,3190,2977,3160,3173,5391,7878
Knives Out,,4493,,4373,6677,,,,,,,
Krampus is Home,,,,,,,,,15238,,,
L.A. Noire,12031,2101,,,,,,12477,,,,
Lake Ridden,,,,,32583,,,,,,,
La-Mulana 2,,,,,,,,4179,,,,
Laser League,,10122,,,35521,,,,,,,
Last Tide,,,,,,,,59571,,,,
Last Year: The Nightmare,,,,,,,,,,,49978,91727
Late Shift,,11310,,26704,,,,,,,,
Layers of Fear,,17227,,,,,7045,8644,,5133,2523,
League of Legends,435859,305040,362400,476710,504394,241343,229347,1029879,412412,911568,1147825,341821
Left 4 Dead 2,145489,9457,2267,17035,12810,17472,15227,6398,39015,7646,31520,12408
Legend of Kay Anniversary,,,,,,103343,,,,,,
Legend of Legaia,,,,,12104,,,,,,,
Legend of Mana,,,,,11571,,,,,,,
Legends of Aria,,,,,,,,,,,1524,2718
Legion TD 2,23119,,,10512,,,,,,,,
LEGO DC Super-Villains,,,,,,,,,,15495,,
LEGO Star Wars: The Complete Saga,,,,12131,,,,,,,,
Leisure Suit Larry: Wet Dreams Don't Dry,,,,,,,,,,,3249,4364
Let It Die,,,,,,,,,14333,1987,595,
Lethal League,,31133,43414,,,,,,,,,
Lethal League Blaze,,,,,,,,,,30980,24691,
Liar Princess and the Blind Prince,,,,,,,,14275,,,,
Life is Feudal: MMO,4627,2037,,,,,,,,,,
Life Is Strange,5239,3168,5621,2470,1411,14706,14919,1944,8668,3275,5321,5113
Life Is Strange 2,,,,,,,,,49183,20174,14383,
Life Is Strange: Before the Storm,4399,2687,5050,17865,,5930,,,2937,,,
Light Fall,,,,,,,19023,,,,,
Lightning Returns: Final Fantasy XIII,,,,,16836,,,,,,,
Lineage 2: Revolution,25597,879,16335,,813,,,,,,,
Lineage II,4542,8861,7753,7628,5853,7225,7700,7621,7382,30131,19461,24815
Lineage M,6772,7468,,,,,,,,,,
Lisa,,,,,,,4305,7293,,,,
Little Nemo: The Dream Master,99202,,,,,,,,,,,
Little Nightmares,5441,27187,2996,7979,4644,,18334,7757,1553,5531,7365,
LittleBigPlanet 2,121102,,,,,,,,,,,
Lobotomy Corporation | Monster Management Simulation,8795,,,6192,7311,,,,,,,
Lords of the Fallen,,,,,,,,,4787,,,
Lost Ark Online,,,,,19294,,,,,6036,89384,47942
Lost Castle,43674,,,,,,,,,,,
Lost In Vivo,,,,,,,,,,12050,13586,30917
Lost Planet 2,,,,,,,,,,,,8564
Lucius,,,,,,,,,,,21145,
Lucius III,,,,,,,,,,,,27488
Ludum Dare,,,,1004,,,,3253,,,,
Luigi's Mansion,,,,,,,,,,1490,,
Lunar: The Silver Star,,,,,17388,,,,,,,
Lupinball,,,31580,38150,,,,,,,,
Lust for Darkness,,,,,,6194,,,,,,
M.U.G.E.N,707,547,598,797,620,1640,1562,675,657,1156,624,940
Mabinogi,6669,,,,,,,,,,,
Mad Games Tycoon,,,,,10944,,,,,,,
Mad Max,,,,2988,,,,,,,,
Madden NFL 18,7490,12245,24148,10007,3727,13940,8683,,,,,
Madden NFL 19,,,,,,,,25629,28141,14913,19729,21824
Maelstrom,,,,38032,,,,,,,,
Mafia,,,3024,,,6032,,4374,,,3320,
Mafia II,,,2951,,5929,,,6894,,,,4050
Mafia III,,,,,,,,2743,,,,
Mafia LIVE!,,,,,,,,,,1602,,
Magic: The Gathering,16344,45967,19451,22755,20167,34591,19752,31242,32183,32624,54837,39841
Magical Pop'n,94463,,,,,,,,,,,
Maize,,,,9618,,,,,,,,
Makers & Crafting,,,,,,,,,2577,11069,7367,8073
Manual Samuel,,7906,,,,,,,,,,
MapleStory,8896,1978,965,3299,2813,14398,17158,21223,2512,1251,987,15309
MapleStory 2,,,,,34595,,7816,4294,,33039,6633,3413
MapleStory M,,,,,,,18624,5924,703,,,
Marble It Up!,,,,,,,,,,7965,42256,20671
Marbles On Stream,,,,,,,,,36805,33407,24166,33104
Mario & Luigi: Partners in Time,,,,,11625,,,,,,,
Mario & Luigi: Superstar Saga,152732,,,,6553,,,,,,,
Mario + Rabbids Kingdom Battle,,,,,,4534,10296,,,,,
Mario Kart 8,36035,32859,14094,34882,34708,20518,28761,21866,30451,9273,28907,30076
Mario Kart Wii,,,,,,,,,,685,1330,927
Mario Party,,1693,6679,1894,,,,,,,,
Mario Party 2,,,,,3131,57393,5673,,,,,
Mario Party 3,,2637,3741,,,,,8980,2205,,,
Mario Party 4,1650,,1675,,9853,,,10755,,,,
Mario Party 6,9964,,,,,,,,,,,
Mario Party 7,,,,49578,,,,,,,,
Mario Party 8,,,,,,,,,,,,25565
Mario Tennis Aces,,,,,,56535,43444,8199,3708,,,
Marvel vs. Capcom 2: New Age of Heroes,,,,,,,,,,,,6839
Marvel vs. Capcom Infinite,10539,5731,,14383,6425,,,,9717,8240,,
Marvel's Spider-Man,,,,,,,,,233622,40806,9261,6342
Mass Effect,124983,,,,,,,,,,,
Mass Effect 2,,841,,,,,,,,,,
Mass Effect 3,3211,3799,3552,,,,,,,,,
Mass Effect: Andromeda,,488,,4281,,,,,,,,
Master Spy,,,,,,124146,,,,,,
Max Payne 3,,,,,,14981,,,,,,
MDK 2,,,,,,17526,,,,,,
MechWarrior Online,879,766,640,1741,902,642,447,454,548,657,499,1050
Mega Man,10956,5061,,,,,,,,,,
Mega Man 11,,,,,,,,,12315,30938,12284,1129
Mega Man 2,,3019,2805,1847,,,,,,,,
Mega Man 3,144933,,,,,,,,,,,
Mega Man 6,,,,,,133787,,,,,,
Mega Man 7,,,,,,117432,,,,,,
Mega Man 9,,,,,,140066,,,,,,
Mega Man Anniversary Collection,,,,,,,,,8154,,,
Mega Man Legacy Collection 2,,6728,,,,,,,,,,
Mega Man X,147745,8381,4210,,3302,3936,5288,4744,2502,44019,,
Mega Man X Anniversary Collection,,,,,,,4402,2940,,,,
Mega Man X2,,,,,,122410,,,,41867,,
Mega Man X4,137316,,,,,,9181,,10390,,,
Mega Man Zero 3,144947,,,,,,,,,,,
Mega Man Zero 4,,,,,,119705,,,,,,
Megaquarium,,,,,,,,,22190,,,
Memories of Mars,,,,,,37100,,,,,,
Metal Gear Solid,149896,,,3065,,,,8167,,4351,3590,
Metal Gear Solid 2: Sons of Liberty,1919,,,3541,,,,6339,,,,
Metal Gear Solid 3: Snake Eater,146322,3892,,2573,,,,,2305,,,
Metal Gear Solid 4: Guns of the Patriots,,,,2677,,,,,2195,,,
Metal Gear Solid V: The Phantom Pain,1540,6069,1574,2999,4028,4795,2304,1437,9237,1916,9967,
Metal Gear Solid: The Twin Snakes,,,,,,132881,,,,,,
Metal Gear Survive,13251,44890,3091,,,,,,,,,
Metin 2,867,1458,2077,2125,1478,2014,2368,3043,14880,1783,2303,2717
Metro 2033,,13734,6724,,,8779,,,,8815,6995,7669
Metro: Last Light,,26250,,,,4432,8376,,,,,9068
Metroid,153659,,,,,,,,,,,
Metroid Prime,,,,,,,1273,,,,,
Metroid Prime 2: Echoes,,,,,,7000,,,,,,
Metroid Prime 3: Corruption,135785,,,,,,,,,,,
Metroid: Zero Mission,,,,,,139138,,,,,,
Microsoft Flight Simulator X,7589,1241,2118,4550,3188,1755,4303,1733,2862,1822,1691,6164
Middle-earth: Shadow of War,2320,5030,18900,,,,,,,,,
Might & Magic: Elemental Guardians,,,,,761,4737,4769,1874,785,,1144,1778
Minecraft,34987,32807,30679,26687,16149,27186,48864,44143,65539,35072,44783,35755
Minecraft: Story Mode,,,,,,,,,,6769,,
Miner Ultra Adventures,,,,,,109657,,,,,,
Mini Metro,,,,14094,,,,,,,,
Minion Masters,,,,,,,,,,879,2262,2008
Minit,,,,26560,,,,,,41004,,
Miscreated,2795,3181,2397,4438,3577,,2862,2547,,,,33519
Mist Survival,,,,,,,,32268,,,,
Mister Rogers' Neighborhood,,,10315,1364,,,,,,,,
Mitsume ga Tooru,99185,,,,,,,,,,,
MLB The Show 17,,4817,769,,,,,,,,,
MLB The Show 18,,,8924,9428,7965,7152,6028,7183,,3459,1601,552
Mobile Legends: Bang bang,,,,,,,11875,8052,,,,
Mobile Suit Gundam: Battle Operation 2,,,,,,,,1124,,,,
Modern Warfare 2,,,2561,,,1813,2812,21559,8608,4658,,
Monopoly,,6112,,,,,2019,,,,,
Monopoly Plus,34422,10187,10490,4273,,,,19486,,,8028,9230
Monster Boy and The Cursed Kingdom,,,,,,,,,,,,2263
Monster Hunter,,6809,,,,,,,,,,
Monster Hunter Generations Ultimate,3329,,,,,,,12209,6472,3631,461,740
Monster Hunter World,169921,74336,27282,20492,7675,7169,9116,128595,20853,7557,10828,22127
Monster Prom,,,,,33485,,,,,,,
Monster Rancher 2,,,2831,,,,,,,,,
Monstrum,,,8390,,,,,,,,,
MonteCrypto: The Bitcoin Enigma,,2929,,,,,,,,,,
Moonlight Blade,11187,,,,,,,,,,8974,5659
Moonlighter,,,,,30600,12064,,,,,,
Mordhau,,,,,,,,,,,,22823
Mortal Kombat X,12644,4099,2533,688,9138,10122,9025,2155,,955,1115,2289
Mortal Royale,,,,,,,,,,,,37254
Mother Simulator,,,,8555,,,,,,,,
Mothergunship,,,,,,,23769,,,,,
Mount & Blade: Warband,,3210,2845,22992,12312,17388,3593,2512,,2342,,11418
Mount Your Friends,,35121,,,,,,,,,,
Mount Your Friends 3D: A Hard Man Is Good to Climb,,33620,7924,11420,,,,,,,,
Move or Die,,,,,13517,,27100,,,,,
MU Legend,,,,,9231,,,,,,,
Mu Online,,,,,,,1678,1281,,465,680,
Murderous Pursuits,,,,40074,15705,,,,,,,
Music & Performing Arts,16982,11741,14313,29341,19525,40457,23620,30978,13841,21394,22400,50673
Music For Everyone,,,,,,,,,925,,,
Mutant Year Zero: Road to Eden,,,,,,,,,,,,43432
My Hero One's Justice,,,,,,,,,,11617,20171,
My Lovely Daughter,,,28497,,,,,,,,,
My Summer Car,8788,2438,5525,4364,4023,4086,6342,9365,7935,14030,6072,10558
My Time at Portia,3824,39729,1820,,,,,,,1180,,
Mystery Science Theater 3000,,,,,,,,,,,8134,
Naruto Shippuden: Ultimate Ninja Storm 4,28766,,,,,,,,,,,
Naruto to Boruto: Shinobi Striker,,,,,,,,14073,6619,2794,363,
NBA 2K Playgrounds 2,,,,,,,,,,5647,,
NBA 2K18,14046,12237,8654,28626,17632,21697,30176,61960,13424,,,
NBA 2K19,,,,,,,,17799,47830,29784,16460,25417
NBA G League,4522,,,,,,,,,,,
NBA Live 19,,,,,,,,,4220,,,
Need for Speed: Most Wanted (2005),,1585,,,,,22644,,,,,
Neverwinter,875,293,263,675,1027,3660,1087,840,14039,497,2576,678
New Super Mario Bros. 2,,,,,,127382,,,,,,
NHL 17,,190,716,379,160,266,326,487,,661,401,477
NHL 18,1536,2958,2507,1757,23349,27854,,,,,,
NHL 19,,,,,,,,,5018,6516,1730,2376
Ni no Kuni II: Revenant Kingdom,,,30369,9445,2975,,,,,,,
Ni no Kuni: Wrath of the White Witch,,,,,13227,,,,,,,
Nidhogg,,24904,,,,,,,,,,
Nidhogg II,,,,26848,,,,,,,,
NieR Automata,5556,3643,4840,5236,15731,12286,24018,3154,,8252,2937,6171
Night in the Woods,,,,,10235,,,,,,,
Ninja,,,,1396,,,,,,,,
Ninja Gaiden,,,,,2266,,,,,,,
Ninja Gaiden Black,4919,,,,,156016,,,,,,
Nintendo Labo Variety Kit,,,,26615,,,,,,,,
Nioh,4958,3583,4352,25732,1791,4215,17371,2377,2400,1480,3326,1914
No Man's Sky,,,,,,1223,118853,37987,11851,4514,3971,3300
Northgard,28287,,6156,9001,17243,,,,,,,28378
Not Tonight,,,,,,,,27338,,,,
Observer,,,,,,,6557,6970,,,,
Octahedron,,,2817,,,,,,,,,
Octogeddon,,3116,,,,,,,,,,
Octopath Traveler,,,,,,33136,41085,4182,,,,
Odin Sphere Leifthrasir,,,5147,,,,,,,,,
Ōkami,1209,498,,,,,,5400,,,,
Old School Musical,,,,,,,,,17067,,,
Old School RuneScape,,,,,,1548,15232,22048,105265,19880,66958,91808
Old Spice Games,,,,,,,,,47320,,,
One Hand Clapping,,,,,,,12328,,,,,
One Hour One Life,,,38148,,,,19142,,,,34399,6842
One Piece Treasure Cruise,493,1394,697,554,1401,,,,,,,
OneShot,,3314,,,6947,,,,,,,
Onward,26559,,,,,,,,,,,
Open Transport Tycoon Deluxe,,,,,2811,,,,,,,50281
OPUS: Rocket of Whispers,,7116,,,,,,,,,,
Orcs Must Die! 2,,,,38971,,,,,,,,
Ori and the Blind Forest,127380,658,1557,3522,30216,2403,9567,8449,3906,,4733,2409
osu!,5111,9940,14877,10314,12049,9140,24897,7207,8855,9364,9239,19306
Out of The Box,,,,,,,,4229,,,,
Outbreak: The New Nightmare,33888,,,,,,,,,,,
Outlast,10927,8734,5386,9453,3691,4182,13524,5977,5423,34302,10954,14930
Outlast 2,,1891,3219,7744,16426,6688,31177,1682,3736,5521,4456,4587
Outpost Zero,,,,,,,30403,,,,,
Overcooked!,14826,25726,12181,12570,,34351,12694,,,,,
Overcooked! 2,,,,,,,31278,56366,14447,11079,22303,22442
Overgrowth,,,12537,,,,,,,,,
Overkill's The Walking Dead,,,,,,,,,,48821,88925,2519
Override: Mech City Brawl,,,,,,,,,,,,30078
Overwatch,461851,226758,239954,191674,201890,220801,344591,135822,123275,62487,259787,50545
Owlboy,124483,,,,,,,,,,,
Oxygen Not Included,5952,5421,4125,6131,3888,7357,7834,7548,3552,6608,2539,9837
Pac-Man World 2,107075,,,,,,,,,,,
Paladins,43978,9961,19175,8316,25179,10061,11043,5977,5878,1680,7818,2700
Pamali: Indonesian Folklore Horror,,,,,,,,,24422,,,35911
Paper Mario,,7485,,,1741,137379,,,,,,
Paper Mario: The Thousand-Year Door,,,,,13137,,3172,1079,,,1138,
"Papers, Please",19830,40920,8659,4647,,,,13966,4371,,,4929
Paradigm,,,,28566,,,,,,,,
Paradox of the Cryptomancers,,,,,,13834,,,,,,
Paragon,3523,,,53419,,,,,,,,
Parkasaurus,,,,,,,,,,6277,,
Parkitect,,,,,,,,,,,,31132
Party Hard 2,,,,,,,,,,,28135,
Party Panic,,7917,,,,,29258,25365,,,,
Past Cure,,10382,,,,,,,,,,
Patapon,,,12834,,,,,,,,,
Path of Exile,20854,15149,59007,26342,24215,84219,26718,66801,49860,15276,23786,115737
Pathfinder: Kingmaker,,,,,,,,,34102,22506,2559,
Payday 2,,1130,967,3673,2702,4039,13487,8362,3574,2063,3854,1470
PC Building Simulator,,,35050,45622,7227,,,,,,,
Peggle 2,,,,,55492,,,,,,,
Penn And Teller's Smoke And Mirrors,,,,,,,,,,,11026,
Pepsiman,,,,,,123101,,,,,,
Persona 4 Golden,,,1584,,,,,,,,1590,
Persona 5,16655,15690,2403,2350,15619,4226,5177,1922,13281,9233,2111,2266
Phantom Doctrine,,,,,,,,10837,,,,
Pikmin 3,,,,,,117811,,,,,,
Pillars of Eternity,,,,16860,10680,649,8942,963,,1020,226,372
Pillars of Eternity II: Deadfire,,,,,23893,,,8303,,13731,,
Pinball,,,,,,,,6220,,,,
Pinturillo 2,,,7292,,,,,,,,,
Pit People,,,6790,,,,,,,,,
PixARK,,,37396,26396,7396,,,,,,,
Pixel Painter Story,,,,,,,,,7416,,,
Pizza Connection 3,,,35335,9030,,,,,,,,
Plague Inc: Evolved,,,,4657,,,,,,,,
Planet Coaster,3148,2311,982,1085,3225,9554,6493,4165,,7335,,
Planet of the Apes: Last Frontier,,,,,,,,29779,,,,
PlanetSide 2,,3171,3352,3161,8588,,,6065,1626,2271,2166,1511
Plants vs. Zombies,,3119,,,,,,,,,,
PLAYERUNKNOWN'S BATTLEGROUNDS,192427,482947,325535,282830,221743,197029,579861,143941,193470,143135,97870,124698
"Please, Don't Touch Anything 3D",,,,,,,,14879,,,,
Point Blank,1850,2628,1369,1561,3486,3687,1573,1728,5079,,,
Pokémon Black/White,,,,,,,,6546,,,,
Pokémon Black/White Version 2,158081,,,,,4359,,,,,,
Pokémon Crystal,,6548,,6454,20491,,,5371,,,4051,
Pokémon Diamond/Pearl,,7264,,,,,,,,,18919,
Pokémon Emerald,,,2320,3598,1934,1192,6871,6129,1123,2318,674,
Pokémon FireRed/LeafGreen,,2339,1272,3401,2535,4081,13846,10986,,12866,8710,
Pokémon Go,,,,,,,1520,2186,,,,
Pokémon Gold/Silver,1530,,,,,,1621,4714,,,,
Pokémon HeartGold/SoulSilver,4377,828,5493,3118,,,8368,5939,,6446,13264,
Pokémon Mystery Dungeon: Explorers of Sky,,,,6089,,,,,,,,
Pokémon Omega Ruby/Alpha Sapphire,,,,,,,,3819,,,,
Pokémon Platinum,,3751,3968,7971,,6020,16187,10142,,,,
Pokémon Quest,,,,,3930,5689,1701,,,,,
Pokémon Red/Blue,1195,5450,3293,3990,4164,6097,10336,4913,,2151,2787,
Pokémon Stadium,,,2973,,,,,,,,,
Pokémon Stadium 2,,,,,,,,,,,1833,
Pokémon Trading Card Game,,5763,,5195,,,9975,10717,,,8957,
Pokémon Trading Card Game Online,,578,636,662,550,453,411,13027,,3152,559,3546
Pokémon Ultra Sun/Ultra Moon,5181,5037,6228,6858,11194,7382,24443,23879,3167,8309,8838,4680
Pokémon X/Y,,1285,,,,,,,,6213,,
Pokémon Yellow: Special Pikachu Edition,,,1028,,,,,,,,,
"Pokemon: Let's Go, Pikachu!/Eevee!",,,,,,,,,,,143784,36604
Poker,46473,30678,17154,32884,33916,25339,21469,24856,37456,27598,23317,34327
Pokkén Tournament,,,,,,,,33926,,,,
Poly Bridge,9524,3313,3205,5589,,,,8062,,,,
Pop'n TwinBee: Rainbow Bell Adventures,91835,,,,,,,,,,,
Portal 2,15920,18304,11952,3600,10168,19078,7341,8367,,5528,17013,6348
Post Scriptum: The Bloody Seventh,,,,15997,43662,11396,28921,19834,,,,
Postal 2,,,19829,7880,,,,,,,,
Prey,130067,4746,,,,22928,4629,,,,,6931
Prime World,968,619,603,787,474,538,482,514,675,561,644,890
Princess Connect! Re: Dive,,,,,,,,9064,8721,9650,7406,7912
Princess Maker 2,,,,,,,,,,3860,,
Princess Maker 5,,,,,6101,,,,,,,
"Prinny 2: Dawn of Operation Panties, Dood!",92453,,,,,,,,,,,
Prismata,,,11027,,,,,,,,,
Prison Architect,,,5309,10347,,,,,,,,
Pro Evolution Soccer 2018,4794,3023,8927,3433,5574,,12469,,,,,
Pro Evolution Soccer 2019,,,,,,,,26019,6825,3235,7362,1102
Professor Layton and the Curious Village,,,,,,,,,,6877,,
Professor Layton vs. Phoenix Wright: Ace Attorney,,,,,,,,7600,,,,
Programming,,,,,,,2005,578,,,,
Project CARS 2,,,2535,,,8357,12204,,,,,
Project Gorgon,,,,37207,,,,,,,,
Project Hospital,,,,,,,,,,,3352,
Project Zomboid,,,,,,6155,9249,,,,,11987
Protocol,,,,,,,,,,,25854,6661
PUBG Mobile,,,,17785,2025,1663,3213,10022,12998,59855,3072,13640
Pummel Party,,,,,,,,,29569,29664,27321,21545
Punch Club,,,,,,,,,,3233,3289,
Puyo Puyo Tetris,,15656,11757,11851,4393,11262,6788,7202,7970,5303,27496,5144
Puzzle & Dragons,,1364,,,,,,,,,1379,
Q.U.B.E. 2,,,34785,,,,35572,,,,,
Quake Champions,1419,1695,2362,11840,8789,46969,9657,14662,7348,20685,14056,22079
Quantum Break,,,,16646,,,,,,,,
Quantum Conundrum,108886,,,,,,,,,,,
Quiplash,11468,4790,,,6616,,,,,,,
Radical Heights,,,,196312,118141,,,,,,,
Raft,,,,,136594,17769,9164,17364,,3141,6587,26994
Rage in Peace,,,,,,,,,,,,16011
Ragnarok M: Eternal Love,,,,,,,,,,,6304,4860
Ragnarok Online,1284,1385,1885,1172,1893,989,3770,4152,1669,1437,2076,2316
Ragnarok Online Mobile,,840,,,,,,,,,,
Railway Empire,,22910,,,,,,,,,,
Rapid Reload,88656,,,,,,,,,,,
Rapture Rejects,,,,,,,,,,,,6454
Ratchet & Clank,173332,,,,,,,,,,,
Ratchet & Clank Future: A Crack in Time,,,,,,,,,,45447,,
Ratchet: Deadlocked,,,,,,105322,,,,,,
Ratz Instagib,,,28441,,,,,,,,,
Rayman,110789,,,,,,,,,,,
Realm of the Mad God,,,,,,,,516,,,,
Realm Royale,,,,,,195317,193264,119238,2890,17627,1449,14756
Red Dead Redemption,,6411,,,7220,,5131,7871,7789,25393,,
Red Dead Redemption 2,,,,,,,,,,382860,103026,28659
Red Faction: Guerrilla,,,,,,,26449,,,,,
Redout,,,,24047,,,,,,,,
Regular Human Basketball,,,,,,,,25841,,,,
Reign Of Kings,,,,,9389,,,,,,,
Reigns: Game of Thrones,,,,,,,,,,26959,,
Remothered: Tormented Fathers,,10964,13316,,,,,,,,,
Rend,,,,,,,28877,28195,11927,,,
Resident Evil,,580,1510,1705,2280,11957,4805,3728,846,1328,,4098
Resident Evil 2 (1998),4365,,981,,1155,18430,10539,1223,,56525,5464,5272
Resident Evil 3: Nemesis,125375,585,1246,2510,,4424,10403,2878,2615,1002,3577,
Resident Evil 4,2508,2761,1253,12316,4804,156647,15000,10779,2382,4212,1418,1351
Resident Evil 5,,3228,,,,,8577,4459,4827,4037,,
Resident Evil 6,,,,,,,,3506,1711,,,
Resident Evil 7 biohazard,156910,8734,18621,2105,4095,4795,17325,8377,8224,16039,7032,6700
Resident Evil HD Remaster,,,4473,,,114710,6036,3999,,4113,1837,4583
Resident Evil Zero,,,,,,,,3510,,,,
Resident Evil: Code: Veronica X,,,,,,,8962,,,,,
Resident Evil: Outbreak,,3595,,,,,,,,,,
Retro,5281,5279,7829,8188,11897,6271,29487,7597,11280,8392,13650,16101
Retro Game Challenge,,714,234,,,,,,,,,
Return of the Obra Dinn,,,,,,,,,,48512,1639,10737
Rex Ronan: Experimental Surgeon,99502,,,,,,,,,,,
Rhythm Heaven Fever,,18220,,,,,,,,,,
Rift,,,4272,,,,,,,,,
RimWorld,7139,5295,4405,5598,4141,6083,17003,9567,9591,21041,15742,10671
Ring Of Elysium,,,,51585,6476,1722,,,40309,33849,42959,44110
Rise of Industry,,32671,,,,,,,,,,
Rise of Insanity,,,34759,,,,,,,,,
Rise of the Tomb Raider,1277,3145,3448,1383,4033,120955,6241,1655,3073,,,
Rise to Ruins,,,,,,,,,,13456,14504,
Rising Storm 2: Vietnam,,,2866,,4283,7066,,,,,,
RISK: Factions,,,,,,,,,5164,,,
Ristar,104006,,,,,,,,,,,
Rivals of Aether,25298,,,,,,,,,,,
RIVE,,,,,,,,,,51646,,
Roberta Williams' Phantasmagoria,,,,,,,,,,12075,,
ROBLOX,13145,43531,14203,7659,30358,2639,37490,47446,6513,4799,20567,14733
Robocraft,,,,,,,,7375,,,,
Rock Band,,,,,,,,,,,,31275
Rock Band 4,,3961,6922,8777,7840,,,,,,,
Rocket Knight Adventures,,,,,,106326,,,,,,
Rocket League,79487,31253,96377,96926,56942,173257,42127,58691,77098,78727,167749,77058
Rocksmith 2014,,,,,,,,,,,,11933
RollerCoaster Tycoon 2,,,,,,,,5302,,,,
Root Letter,,,,,3968,,,,,,,
RPG Maker,2510,3919,,,,,,,,,,
Rules of Survival,19127,12949,5638,4245,2302,7101,1781,,,,,
Runbow,,,,,,103559,,,,,,
RuneScape,32178,16167,74563,30442,20452,70446,17396,5752,6184,7022,5089,16432
Runner3,,,,,14827,,,,,,,
Russian Fishing 4,,401,578,583,3623,13016,4836,5186,12507,2442,1331,7369
Rust,16103,44150,13336,10382,14839,34699,16199,24740,20314,38963,30749,37552
Rusty Lake Paradise,12456,,,,,,,,,,,
Rusty Lake: Roots,,,,,,9898,,,,,,
S.T.A.L.K.E.R.: Call of Pripyat,,,,,,,1987,,,,,
S.T.A.L.K.E.R.: Clear Sky,,,,,,,,,4407,16143,,
S.T.A.L.K.E.R.: Shadow of Chernobyl,,12452,,,1983,,18088,,11772,14742,,
Saints Row: The Third,,28044,,,3694,,14251,,,,,
Salt and Sanctuary,,,,2103,6776,,,,,,,
SAW,,,,,,,6129,,,,,
Science & Technology,,,,,,,,,,25747,11978,15246
SCP Containment Breach,12425,3360,,32434,,,,,,22136,,
SCP: Secret Laboratory,20151,10466,21188,44669,,,11069,,,8941,12306,14247
Scrabble,,,,,,,,6769,,,,
SCUM,,,,,,,,217830,78870,4753,21013,11404
Sea of Thieves,261898,205315,255998,36652,51691,41503,48586,28368,14051,22687,21558,70031
Secret Hitler,,,,,,,,,,,,39543
Secret Neighbor,,,,,,,,,,19148,,
Secret of Evermore,117085,,,,,,,,,,,
Secret of Mana,,9936,4689,,,,,,,,,
Secret of the Stars,,,,,10062,,,,,,,
Secrets of Grindea,,,,,,,,,,,11159,
Senran Kagura,,7327,,,,,,,,,,
Senran Kagura Burst Re:Newal,,,,,7451,,,,,,,
Senran Kagura: Peach Beach Splash,,,6031,,,,,,,,,
Serious Sam 3: BFE,101191,,,,,,,,,,,
Shadow of the Colossus,19073,69742,7067,7186,,,,,,,,
Shadow of the Tomb Raider,,,,,,,,,83572,5948,1625,3476
Shadow Tactics: Blades of the Shogun,,,6622,7815,,,,,,,,
Shadows of Adam,,,,,18504,,,,,,,
Shadowverse,15255,2712,5913,14566,14324,17929,16796,17717,19780,18233,18126,12296
Shantae,,,,,,,,,,51189,,
Shantae and the Pirate's Curse,,,,,,128422,,,,6199,,
Shaq Fu: A Legend Reborn,,,,,,24462,,,,,,
ShellShock Live,28669,,,,34424,,,,,43183,,34104
Shenmue,,,,,,,,25645,4902,,,
Shenmue I & II,,,,,,,,10227,,,,
Shenmue II,,,,,,,,,4688,,,
Shin Hayarigami,,,,,6763,,,,,,,
Shin Hayarigami 2,,,,,6702,,,,,,,
Shin Megami Tensei: Digital Devil Saga,,,,,12891,,,,,,,
Shoppe Keep,,,,33300,,,,,,,,
Shoppe Keep 2,,,,,35249,,,,,,,
Shovel Knight,,,,,7595,,,,,,,
Sid Meier's Civilization V,4632,2740,1484,1526,1715,1216,3993,3038,7945,3906,3599,38690
Sid Meier's Civilization VI,4653,13605,8782,2581,2761,,5604,3123,,16801,10492,6459
Sid Meier's Civilization VI: Rise & Fall,,12911,2574,1893,,,,,,16366,2502,
Silent Hill,120662,,,1386,2065,,,,,938,,
Silent Hill 2,,,3703,,4281,,,,,49437,,
Silent Hill 3,,,3834,11467,5970,,17416,,,4195,,
Silent Hill 4: The Room,,,4009,,,,,,,4737,,
Silver Grapple,,,,,,88866,,,,,,
Simulacra,,,,20092,,,,,,,,
Sinner: Sacrifice for Redemption,,,,,,,,,,19036,11444,
Skater XL,,,,,,,,,,,,30488
skribbl.io,,,,17885,6710,,9108,8277,,6523,7790,32865
Slap City,,,,,,61652,7225,,,,,
Slay the Spire,46147,48164,9358,31081,21509,11695,14047,12648,13679,9895,11672,18571
Slime Rancher,,,18647,,,,,6027,,,,6712
slither.io,,,14155,,,,11825,,,,,
Slots,,,,,,,,,,,,43992
Smash TV,,,,,,88724,,,,,,
Smite,94811,20432,12101,12535,15719,9590,10535,15783,6694,7451,29167,11260
Social Eating,21761,11484,28093,15750,13112,13606,12022,16866,6530,,,
Soft Body,,,,,,118967,,,,,,
SOMA,,4865,3023,2874,9715,,7960,8845,,13225,4425,11368
Sonic & All-Stars Racing Transformed,,,24278,,,,,,,,,
Sonic Advance 3,148483,,,,,,,,,,,
Sonic Adventure 2: Battle,157705,1453,2981,1162,1126,,,1621,1178,,,
Sonic Adventure DX: Director's Cut,,,,,,138393,,,,,,
Sonic Mania,158183,,9334,,,,18232,,,,,
Sonic the Hedgehog 2,,,,,,144084,,,,,,
Sonic the Hedgehog: Spinball,,,,,,136393,,,,,,
SOS,146313,23834,12903,2396,4919,,,,,,,
Soul at Stake,,,,,,,3128,,,,,
Soul Blazer,,,,,18565,,,,,,,
Soul Worker,,,,,,399,2676,,,,,
Soul Worker Online,,,,5683,,,,,,,,
Soulcalibur III,,,,,,,,,,9903,,
Soulcalibur IV,,,,,,,,,,10740,,
Soulcalibur VI,,,,,,14197,,23316,32532,35806,16866,13003
Soulworker,,,824,7240,1462,,,,,,,
South Park: The Fractured But Whole,26053,8272,3876,,,,3998,3169,,,,
South Park: The Stick of Truth,,,,,,,19100,,,,,
Space Engineers,,1281,2053,,,,6046,9940,,,,
Special Events,,,,,,,,,57642,143989,259808,97368
SpeedRunners,,,31939,32386,104100,,25084,11799,,,,31154
Spellforce 3,,4118,,,,,,,,,,
Spelunky,108270,3172,5802,16905,8780,3982,3152,,18859,3896,24834,18181
Spider-Man,,,,,,,,,13522,,,
Spider-Man 3: Invasion of the Spider-Slayers,99787,,,,,,,,,,,
Splatoon 2,171642,1462,4265,3760,5904,8987,6987,2144,2252,4583,3041,4153
Splatterhouse,,,,,,100797,,,,,,
Splatterhouse 2,,,,,,102008,,,,,,
Splitgate: Arena Warfare,,,,,,44715,,,,,,
SpongeBob SquarePants: Battle for Bikini Bottom,,1486,590,,,,,,977,851,726,28228
Spore,,,5243,,,,,,,,,
Sports & Fitness,,,,,,,,,,89501,160132,126762
SpyParty,,,,79292,7384,,,,,,10495,
Spyro 2: Ripto's Rage,,,,,,104999,,,,,,
Spyro Reignited Trilogy,,,,,,,,,,,58334,3448
Spyro the Dragon,,,9679,,,116816,,,3566,53723,,
Squad,,5695,3761,2197,5954,3487,2712,,,,3055,
Star Citizen,5674,2086,6078,5708,5514,11828,18740,3448,2738,44081,13910,50710
Star Control: Origins,,,,,,,,,13698,,,
Star Fox 2,116245,,,,,,,,,,,
Star Trek Online,,,,,,,,,,433,,
Star Wars Battlefront II,2582,942,3969,1767,4025,3015,1549,507,,578,6284,5325
Star Wars: Jedi Knight - Jedi Academy,153791,,,,,,,,,,,
Star Wars: The Old Republic,534,889,918,653,537,2308,1799,479,,2251,832,1457
Starbound,19160,17889,,,,,,,,,,
StarCraft,4920,4755,11968,4854,4215,10986,29975,56781,57296,41746,41029,37989
StarCraft II,52008,37355,60745,37145,22793,61872,81780,50931,51767,70851,148897,40913
Stardew Valley,4340,23314,5095,39063,37846,12698,9503,3914,2983,2403,1983,3801
Starlink: Battle for Atlas,,,,,,,,,,7192,,
State of Decay 2,,,,,84104,6596,2856,,,,,
State of Mind,,,,,,,,17823,,,,
Stationeers,7927,2335,,,,,,,,,,
Staxel,5727,1538,,,,,,,,,,
STAY,,,,,15028,,,,,,,
Stay Close,,14882,,,,,,,,,,
Steel Rats,,,,,,,,,25861,,,
Stellaris,4909,4942,3824,1663,4817,2040,3056,,2212,4282,4968,6659
Stick Fight: The Game,,28359,28920,,,,33073,,,,,
Stifled,,,,,,,29606,,,,,
Stranded Deep,,,,,,,4711,,,2328,3690,
Strange Brigade,,,,,,,,27741,10982,,,
Streamfest,,,,11688,,,,,,,,
Street Fighter 30th Anniversary Collection,,,,,11715,10856,,,,,,
Street Fighter III: 3rd Strike,25433,,,,17583,,,,,,,
Street Fighter V,51806,15980,73042,61872,62084,25316,47455,194902,42847,24693,86152,94636
Streets of Rage 2,,,,,,117652,,,,,,
Strider,144036,,,,,,,,,,,
Stronghold 2,,,,,,,,,,,,8420
Sub Rosa,,,,,,,,,,,,15691
Subnautica,60950,29412,14824,4347,7865,7030,6648,5461,4153,6978,4725,19844
Subsistence,,,,,,,,30306,,,,
Sub-Terrania,100244,,,,,,,,,,,
Summoners War: Sky Arena,3734,3491,5257,4215,2781,3302,8288,3399,42720,24622,3630,5112
Sunset Overdrive,,,,,,,,,,,29226,
Super Animal Royale,,,,,,,,,,,,23801
Super Ghouls 'N Ghosts,,,,,10531,8811,,,,,,
Super Mario 3D Land,,,,,,148720,,,,,,
Super Mario 3D World,155659,,,,,,,,,,,
Super Mario 64,9278,10236,6316,9634,10875,157501,22172,6518,9110,71197,9811,10244
Super Mario All-Stars,,,3696,,,,,,,,,
Super Mario Bros.,,899,5745,,,137762,,,,,,
Super Mario Bros. 2,,,,,,,1962,,,7931,2661,
Super Mario Bros. 3,2494,2130,5078,3301,5293,163396,2713,1660,,72544,2643,12327
Super Mario Galaxy,138156,,,,,,,,,,,
Super Mario Land 2: 6 Golden Coins,116805,,,,,,,,,,,
Super Mario Maker,5596,4941,7742,5435,7018,164695,11563,4968,15774,13614,12552,7267
Super Mario Odyssey,73852,13627,11716,7737,19571,161784,167091,7183,7682,32416,6142,9294
Super Mario Party,,,,,,,,,,52103,7765,16544
Super Mario RPG: Legend of the Seven Stars,,,9010,,2309,,,,3266,,,
Super Mario Sunshine,149675,1704,2750,2911,1175,,4503,4225,,7449,741,2107
Super Mario World,201386,5732,5988,4740,2802,156617,3160,7421,2881,5769,14378,10229
Super Mario World 2: Yoshi's Island,145421,,,,,,,,,,,
Super Meat Boy,,,,,,,,10261,,,2707,5031
Super Mega Baseball 2,,,,,12047,,,,,,,
Super Metroid,6846,1367,1392,3257,2560,139222,15612,3535,1516,8194,7862,5996
Super Monkey Ball,148741,,,,,,,,,,,
Super Monkey Ball 2,,1615,6196,,,116013,5906,,,,,
Super Punch-Out!!,147152,,,,,,,,,,,
Super Robot Wars X,,,2901,2987,,,,,,,,
Super Seducer,,5163,45059,15967,2898,,10286,,,,,
Super Seducer 2,,,,,,,,,30155,6365,20000,
Super Smash Bros.,24837,,,,,,,22230,,,,
Super Smash Bros. Brawl,,9450,8095,6492,,,,,,,,13098
Super Smash Bros. for Wii U,38256,16398,19892,11123,17814,27946,23634,47374,14405,34143,34411,12880
Super Smash Bros. Melee,79584,8515,33904,12923,60376,124689,23722,179128,10649,59913,59593,16798
Super Smash Bros. Ultimate,,,,,,,,,,,15703,226029
Super Star Wars: Return of the Jedi,22625,,,,,,,,,,,
Super Star Wars: The Empire Strikes Back,,,,,,105922,,,,,,
Superman,132672,,,,,,,,,,,
surviv.io,,,,,1739,1552,,1106,1129,9690,569,797
Surviving Mars,,,36527,3463,,,,,,,3037,
Sword Art Online: Fatal Bullet,,35909,7045,,,,,,,,,
Swords and Sandals II,,,,10706,,,,,,,,
Synthetik,,,23011,,,,,,,,,
System Shock 2,6502,,,,,,,,,,,
Tabletop RPGs,,,,,,,,,,3868,,9579
Tabletop Simulator,29866,10691,24705,,9725,10029,11814,18848,5671,4039,7431,8984
Taiker,96021,,,,,,,,,,,
Tales of Berseria,,,,,,,5842,,,11257,,
Tales of Phantasia,,,,,14414,,,,,,,
Tales of Symphonia,,,,,11861,,,,,4207,,
Tales Runner,,,,,,,,,,,6360,
Talk Shows & Podcasts,51352,62609,77922,55204,167421,54624,69940,346483,75803,68164,63169,92525
Team Fortress 2,3918,6881,12823,4784,6175,6310,6478,12976,1395,5146,78576,49331
Teenage Mutant Ninja Turtles,120663,,,,,,,,,,,
Teenage Mutant Ninja Turtles: The HyperStone Heist,133126,,,,,,,,,,,
Tekken 7,43020,27458,45219,27399,37121,18040,48985,178753,31650,30235,71202,58587
Tekken Tag Tournament,3728,,,,,,,,,,,
Tera,1115,379,2871,5927,1226,3246,1319,1145,,1433,1780,1023
Terra Nova: Strike Force Centauri,,,,,,15670,,,,,,
Terraria,7084,5563,19024,34646,6733,5376,13457,7349,7299,6989,12153,18007
Tetris,,,,,,,,,,26953,,
Tetris Effect,,,,,,,,,,,26716,
Tetris The Grand Master 3: Terror Instinct,,,,,,16344,,,,,,
The Addams Family,97685,,,,,,,,,,,
The Awesome Adventures of Captain Spirit,,,,,,33924,5822,7299,,,,
The Bard's Tale IV,,,,,,,,,20574,13795,,
The Beast Inside,,,18978,,,,,,,,,
The Binding of Isaac: Afterbirth,12201,10115,13898,14273,25617,65789,19291,13935,15946,27783,19289,16435
The Blackout Club,,,,,,,,,,28845,17235,30098
The Blues Brothers,98676,,,,,,,,,,,
The Bunker,,,,23957,,,,,,,,
The Cat Lady,,,,,12397,,,,,,,
The Conjuring House,,,,,,,,,34357,27794,3455,
The Council,,,29687,5465,17396,,,,,,,13731
The Crew 2,,,,,18643,37298,33296,11140,1550,,,
The Culling,,,,,,,22784,,10954,,,
The Curious Expedition,,5475,,,,,,,,,,12681
The Dummy Experiment,16186,,,,,,,,,,,
The Elder Scrolls III: Morrowind,,,,3353,,6100,,,,,,
The Elder Scrolls IV: Oblivion,13171,2540,1303,2931,2352,,19294,,,3359,,
The Elder Scrolls Online,19025,2887,64268,7492,7061,29815,9305,12138,15063,13808,12885,14111
The Elder Scrolls V: Skyrim,195899,21791,13623,7112,9062,8519,15055,11072,9738,4209,15075,10243
The Elder Scrolls: Legends,2410,3318,4134,3794,20355,3765,3552,44757,2603,2658,9969,1448
The End is Nigh,137276,,,,,,,,,,,
The Escapists 2,,,,,,,,,5442,,,
The Evil Within,2475,1752,,,,,8258,2303,,1499,2808,
The Evil Within 2,1869,19248,4676,,2394,,5956,5644,,11469,2722,
The Exorcist: Legion VR,,,,24228,,,23566,,,,23142,
The Experiment,,,,,,,,,,,,23948
The Forest,6070,4244,9576,5020,44129,13728,20046,25093,7726,5042,22725,35980
The Forge Arena,,,,,27278,,,,,,,
The Free Ones,,,,,,,11146,,,,,
The Game Awards,,,,,,,,,,,,819968
The Game of Life,46644,,,,,,,,29683,,,
The Golf Club 2019 Featuring PGA Tour,,,,,,,,,,7011,4838,
The Hex,,,,,,,,,,,,18734
The Idolm@ster: Stella Stage,3676,4785,,,,,,,,,,
The Inpatient,35578,,,,,,,,,,,
The Jackbox Party Pack,,,8091,,,,,,,,,
The Jackbox Party Pack 2,,,22789,,,,,,,,,
The Jackbox Party Pack 3,19062,16773,29680,2559,6211,29635,25784,21366,25882,28453,8614,21419
The Jackbox Party Pack 4,10882,14383,29321,41342,7722,3401,5776,10934,25169,7241,1369,1827
The Jackbox Party Pack 5,,,,,,,,,,34796,17014,15693
The Joy Of Sex,21162,,36266,40140,33001,34849,47693,,,31292,28444,40885
The King of Fighters '98: The Slugfest,,,,,,,,,,7195,4896,8452
The King of Fighters XIV,13993,,,7055,,,,,,,,
The Last of Us,4744,5509,37803,5540,6548,15085,20445,5414,7159,4211,4906,1607
The Legend of Heroes: Trails of Cold Steel,,,,,3782,,,,,,,
The Legend of Heroes: Trails of Cold Steel II,,,,,,,,,,,3339,
The Legend of Zelda,132544,1193,2128,3913,6012,117670,,959,6864,1639,,8760
The Legend of Zelda: A Link Between Worlds,,,,,,,,,,52541,,
The Legend of Zelda: A Link to the Past,171153,8013,5825,7476,8196,10356,9786,8138,9652,7016,6711,10593
The Legend of Zelda: Breath of the Wild,191576,6330,8344,10239,4440,3677,14228,8656,15213,7521,4626,7724
The Legend of Zelda: Four Swords Adventures,,,,,,130420,,,,,,
The Legend of Zelda: Link's Awakening DX,,,,5594,,,,,,,,
The Legend of Zelda: Majora's Mask,5184,1684,2831,3219,1944,5601,2305,2027,2151,8939,1776,8991
The Legend of Zelda: Majora's Mask 3D,,,,,,153067,,,,,,9769
The Legend of Zelda: Ocarina of Time,151764,19568,4622,5037,3969,152961,19877,8829,7358,20208,7745,10034
The Legend of Zelda: Ocarina of Time / Master Quest,,,3312,,,,,,,,,
The Legend of Zelda: Ocarina of Time 3D,,,,,,,,,,27218,,
The Legend of Zelda: Oracle of Seasons,,,,,,121147,,,,,,
The Legend of Zelda: Skyward Sword,,,,,,107015,,,,,,10989
The Legend of Zelda: The Minish Cap,,,,,,,,,,,,10334
The Legend of Zelda: The Wind Waker,,,,,,,1352,2938,,,,4663
The Legend of Zelda: The Wind Waker HD,8342,2081,4448,3629,,155299,22172,2363,1068,8388,,11648
The Legend of Zelda: Tri Force Heroes,,,,,,,,,,,,10423
The Legend of Zelda: Twilight Princess HD,7937,,,,,8657,23045,,,,,10353
The Long Dark,7285,2259,3121,4963,,6964,5535,4782,,3056,2459,17582
The Long Reach,,,2001,5639,,,,,,,,
The Lord of the Rings Online,,,,,,,,,,,31833,
The Mercury Man,,,,,11361,,,,,,,
The Messenger,,,,,,,,8753,11822,,,5538
The Missing,,,,,,,,,,11427,,
The Pillars of the Earth,,,,3394,,,,,,,,
The Quiet Man,,,,,,,,,,,33907,
The Red Strings Club,,28221,5906,,,,,,,,,
The Room Three,,,,,,,,,,,29236,
The Scroll of Taiwu,,,,,,,,,,971,,
The Settlers II,,,,,,,,,,,,25574
The Sexy Brutale,,,,,6046,,,,,,,
The Shapeshifting Detective,,,,,,,,,,,6364,
The Simpsons: Bart vs. the Space Mutants,104021,,,,,,,,,,,
The Simpsons: Hit & Run,,10261,1032,888,1848,125675,,1012,925,923,,
The Sims 3,,,,,,,,5395,,,,
The Sims 4,4459,17002,4891,8622,5502,35283,37270,11416,8116,13010,15328,19654
The Swords of Ditto,,,25631,23183,7790,,,,,,,
The Swordsmen X,,,,,,,19344,21449,,,,
The Universim,,,,,,,,15957,2573,,,
The Walking Dead,,1329,,,2598,,4522,5333,,,,
The Walking Dead - The Final Season,,,,,,,,21005,13126,,14703,
The Walking Dead: A New Frontier,,,,,,,,5066,3729,,,
The Walking Dead: Season Two,,,,,,,,5004,,,,
The Witcher,,,,5544,,,,,,,,
The Witcher 2: Assassins of Kings,,,,,,5929,,,1037,,,
The Witcher 3: Wild Hunt,18760,13699,5594,9517,11395,27995,21378,15143,17112,13432,4326,4945
The Witch's House,,,,,,,,,,,26237,
The Witness,,3325,4442,,,,,,,,4455,3241
The Wolf Among Us,,3989,,,,,,,,,,
The World Ends With You,,,,,,,,,,1574,,
theHunter: Call of the Wild,2712,3304,2464,4007,3211,4268,27600,9737,8894,2676,,7582
Them's Fightin' Herds,,8872,,,,,,,,,,
They Are Billions,96057,17990,12839,11957,20605,3582,12727,14868,12248,8765,10633,3908
Thief Simulator,,,,,,,,,,,88793,25288
Thief: The Dark Project,,,,,,125644,,,,,,
This Is the Police 2,,,,,,,,19216,,,,
This War of Mine,3603,,,,7011,,,,,,9563,5595
Throne of Lies: The Online Game of Deceit,12558,12045,1185,35694,18273,1934,11834,12691,10778,6425,498,16422
Thronebreaker: The Witcher Tales,,,,,,,,,,121697,10363,
Tibia,2217,2049,4301,3110,3003,3515,3871,6267,3812,3856,4885,5966
Tintin in Tibet,115512,,,,,,,,,,,
Titan Souls,,,,,,100504,9178,,,,,
Titanfall 2,,343,4080,2161,3618,,871,511,,56345,446,
To the Moon,,3710,,,,,,,,,,
Tom Clancy's Ghost Recon: Wildlands,5691,711,3413,2199,1813,2650,4613,3907,,1230,,1034
Tom Clancy's Rainbow Six: Siege,50325,253151,54414,45756,181907,60790,64425,211067,48590,46967,164174,53408
Tom Clancy's The Division,7203,3872,10447,4076,3449,5428,3251,2605,1499,2483,3842,27767
Tomb Raider,2823,3578,4086,1307,,112845,1202,5556,,,,
Tomb Raider (1996),4192,,,,,,,,,,,
Toontown Online,,,,,,,3069,,,,,
Total War Saga: Thrones of Britannia,,,,3755,18461,,,,,,,
Total War: ARENA,,6642,1388,,,,,,,,,
Total War: Shogun 2,,,4526,,,,,,,,,
Total War: WARHAMMER,,,,,,4440,,,,,,18902
Total War: Warhammer II,4046,3868,4312,6711,4662,6838,3385,14093,2183,11790,6375,18817
Totally Accurate Battle Simulator,,,,,,74419,,,,,,
Totally Accurate Battlegrounds,,,,,,17653,48676,,,,,
Tower Unite,15296,16372,10332,11173,,,,,,,14932,
Town of Salem,4952,2277,,,,,12047,,,,44307,
TrackMania² Canyon,,40691,,,,,60726,,,,,
TrackMania² Stadium,,,27921,79988,40190,67328,12351,23337,,22216,101619,2225
Trailmakers,,10558,,,,,,,,,,
Transference,,,,,,,,,4087,,,
Trash,8078,9280,10437,10169,10065,10917,10422,10189,,,,
Travel & Outdoors,,,,,,,,,14791,11581,47206,18897
Treadnauts,,,,31891,,,,,,,,
Trials Evolution,,,,,,,5770,,,,,
Trials Fusion,,,,,,10965,7307,5281,,,,31407
Trials Rising,,,,,,,,,21397,,,
Tricky Towers,,,,50707,37939,29108,28875,22261,,32019,27708,27686
Tropico 6,,,,,,,,,6483,2564,,
Trove,,1306,938,834,,,2454,3474,,,,
True Fear: Forsaken Souls,,,,,,,,,,,12118,
Turmoil,,,6402,10789,10554,,,,,,,
Twitch Plays,1479,1964,10454,1348,1301,4867,3436,13258,12549,1902,1128,25870
Twitch Sings,,,,,,,,,,,10891,20946
Two Point Hospital,,,,,,,,46234,38989,8768,3619,8003
Tyranny,,,,,,,25807,,,,,
Ultima Online,,,,1214,,,,,,,592,
Ultima VI: The False Prophet,100772,,,,,,,,,,,
Ultimate Chicken Horse,11938,,30295,29484,23720,,,,23492,40242,,
Ultimate Custom Night,,,,,,,26994,,,,,
Ultimate Fishing Simulator,,,,,,,,18814,,,,
Ultimate Marvel vs. Capcom 3,,,,,9457,,,30267,,,,
Umihara Kawase,119430,,,,,,,,,,,
Uncharted 4: A Thief's End,3188,640,2772,1092,2715,,1850,4995,,,,
Uncharted: The Nathan Drake Collection,,,,,,,2408,,,,,
Under Night In-Birth Exe:Late[st],,,,,,,,14802,,,,
Undertale,2518,4420,3463,4446,5823,130583,19495,8736,1211,4446,13370,5693
Unforgiving: A Northern Hymn,,10367,,,,,,,,,,
Uno,35947,32317,25398,7804,,38075,16227,,,,22313,5019
Unravel 2,,,,,,51982,7442,,,,,
Until Dawn,13419,2506,5626,2507,7269,25705,3956,2412,7063,8408,6291,3739
Unworthy,,,,,,21759,,,,,,
Vagante,,,,,,,20821,,,,,
Vainglory,2329,11975,10214,1506,1171,501,11635,1161,,2178,3117,4370
Valkyria Chronicles 4,,,9735,,,,,,8097,2636,,
Vampire: The Masquerade,,,,,,,,,,8106,,
Vampire: The Masquerade - Bloodlines,,5100,,,8675,,,,,,,
Vampyr,,,,,,114271,1718,,,,,
Vaporum,12221,,,,,,,,,,,
Vietcong,,,,,,,,,,,,4764
Vindictus,,251,,,,,974,,,,,8790
Virtual Reality,,,,,,,4176,,3275,7372,,3563
Visage,,,,,,,,,,35637,28398,8296
Viscera Cleanup Detail,7704,6815,,,,,,,,,,25935
VRChat,47621,18054,11783,8590,7115,12889,6995,6735,5137,5667,5129,4034
Wacky Races,,,,,,70982,,,,,,
Wandersong,,,,,,,,,,27505,,
War of Genesis III,,,2957,,,,,,,,,
War of Rights,,,,,,,,,,,,32058
War Thunder,1399,1126,1774,1312,3671,1885,7213,2338,2425,2002,4113,2079
Warcraft III: Reign of Chaos,145075,,,4529,,133229,3063,6354,,,,
Warcraft III: The Frozen Throne,22088,22600,30146,17763,38924,10517,25092,39861,21165,33214,33593,38170
Warface,,1457,2267,3583,6244,2753,2940,3956,7190,6288,913,1505
Warframe,37283,31539,32493,37276,32053,38079,402554,72775,61147,53031,162653,49705
"Warhammer 40,000: Gladius - Relics of War",,,,,,,3153,,,,,
"Warhammer 40,000: Inquisitor Martyr",,,,,,5287,,,,,,
"Warhammer 40,000: Mechanicus",,,,,,,,,,,6116,
Warhammer: Vermintide 2,,40030,77418,23134,15290,5179,4340,4181,,4084,5902,19808
Wario Land 4,150094,,,,,,,,,,,
Wario's Woods,105578,,,,,,,,,,,
WarioWare Gold,,,,,,,,9332,,,,
Warriors Orochi 3,,,,,,,,,9009,,,
Warriors Orochi 4,,,,,,,,,8974,6053,,
Warriors: Rise to Glory!,,,,,,14370,,,,,,
Watch Dogs,,,11645,,,,,,,,,
Wave Race: Blue Storm,,,,,,121758,,,,,,
WaveLand,82996,,,,,,,,,,,
We Happy Few,,,,,,,,46964,5157,,,
We Need to Go Deeper,,37792,,42869,,,,23370,,,,
We Were Here,32164,21818,,,,,,,,,,
We Were Here Too,,39122,,,,27658,16921,,9470,,18867,
Weave,,,,,,,,,,5489,,
Weed,,,,,34630,,,,,,,
Weed Shop 2,,,,,29053,7527,7498,5674,,,,
Weird Dreams,,,,9446,9477,,,,,,,
Welcome,,,,25863,,,,,,,,
Welcome to the Game,,,,6565,,,,13698,11456,,,
Welcome to the Game II,,,32767,129007,11097,,10856,,,,32422,27668
Werewolves 狼人殺,,505,,,,,,,,,,
WhiteDay: a labyrinth named School,,,5165,,,,,,,,,
Will To Live Online,,,,6672,,,,,,,,
Witch It,42460,,,24324,,,40537,46904,19851,24425,40933,
Wiz 'n' Liz: The Frantic Wabbit Wescue,,,,,,94991,,,,,,
Wizard of Legend,,,,,63341,13621,22375,,,,,27731
Wizard101,,906,418,991,1147,1566,4441,3227,,798,938,
Wolfenstein II: The New Colossus,10443,24954,,,,,,,,,,
Wonder Boy: The Dragon's Trap,101560,,,,,,,,,,,
World of Tanks,22497,15399,62930,16180,17373,10805,13833,16269,16132,15562,19425,22320
World of Warcraft,111552,85439,56918,93738,70073,138109,128223,590245,308114,110915,266514,63603
World of Warcraft: Battle for Azeroth,,,,,,,,5800,,,,
World of Warships,3430,5568,9546,3916,6965,4150,3551,3514,9050,4239,18204,12066
World War 3,,,,,,,,,,26385,2582,
Worlds Adrift,,31664,,,29348,11704,,,,,,2201
Worms Armageddon,,,,,,,,,,5603,4578,
Worms Clan Wars,,,,11605,,,,,,,,
Worms Reloaded,,,31581,,,,,,,,34629,
Worms Revolution,,,,46567,34193,,,23175,,,,
Worms W.M.D,,,22587,22177,,,,,,,,
Wreckfest,,,41341,,20496,79719,28169,26025,,28945,29552,
Wrestling,9802,7226,18496,17517,4747,16079,9978,40440,5884,12116,7482,9837
WWE 2K18,18240,6821,2346,4310,3865,3122,2829,2085,3001,,,
WWE 2K19,,,,,,,,,,33453,9606,3633
WWE SuperCard,,,,1005,,,,,,,6238,791
X4: Foundations,,,,,,,,,,,19232,18808
Xanadu Next,,,,,,,6262,,,,,
XCOM 2,8938,902,2468,781,2166,1727,4616,616,839,2472,1849,1463
XCOM 2: War of the Chosen,840,4249,5938,2532,3281,1531,10674,8348,6497,10942,6957,9787
XCOM: Enemy Unknown,,,,,,,6135,7595,,,,
XCOM: Enemy Within,2096,1547,1346,,,,,3880,,1476,1055,984
X-COM: UFO Defense,,,,,,,,,,,,14964
Xenoblade Chronicles 2,10810,2184,,878,13177,,,,,,,
Yakuza 0,3930,18036,15887,13209,3209,2879,3433,20115,8903,6506,2285,10837
Yakuza 3,,,,,,,,14737,,,,
Yakuza 4,,,,2645,,,,,,,,
Yakuza 5,,,1732,3930,3572,,,,,,,
Yakuza 6: The Song of Life,,,,9880,3700,3937,16564,,,,,
Yakuza Kiwami,4456,,2468,,,15575,10660,,,,5017,
Yakuza Kiwami 2,14637,4879,,,858,,,16828,23998,,5546,
Yooka-Laylee,135764,,,,,,,,,,,
Youropa,,,,,,,34400,,,,,
Youtubers Life,,,,,,,,5128,,,,
Ys VIII: Lacrimosa of Dana,,,1404,,,,,,2051,,,
Yu-Gi-Oh! Duel Links,6273,7274,5724,7159,1989,2158,2258,2056,4233,8038,6300,4086
Yu-Gi-Oh! Forbidden Memories,,,3143,6665,2839,2257,,,,5741,6324,2824
Yu-Gi-Oh! TRADING CARD GAME,,,,,,,3057,3975,4522,5517,7279,4489
Yume Nikki: Dream Diary,,8320,,,,,,,,,,
Z1 Battle Royale,53373,136561,75573,31520,51588,98486,15733,7467,26805,5677,13831,90103
Zeal,,,,,,,,,,33806,,
Zelda II: The Adventure of Link,,,2790,,,,,,,,6607,
Zero Escape: Virtue's Last Reward,,,5548,3970,,,4133,,,,,
Zero Time Dilemma,,,6397,,,,,,,,,
Zettai Zetsumei Toshi 4 Plus: Summer Memories,,,,,,,,,,,8453,
Zone of the Enders: The 2nd Runner,107214,,,,,,,,,,,